week_start,week_end,year,week_number,region_code,region_name,total_requests,total_contacts,avg_contacts_per_customer,total_bookings,total_cancellations,total_aborts,total_completions,completion_rate_pct,is_forecast
2024-01-01,2024-01-07,2024,1,NW,North West,384,842,2.19,306,64,25,217,56.5,0
2024-01-01,2024-01-07,2024,1,NE,North East,284,484,1.7,235,35,17,183,64.4,0
2024-01-01,2024-01-07,2024,1,MID,Midlands,467,694,1.49,344,41,21,282,60.4,0
2024-01-01,2024-01-07,2024,1,SE,South East,531,1072,2.02,422,42,32,348,65.5,0
2024-01-01,2024-01-07,2024,1,SW,South West,247,472,1.91,181,24,15,142,57.5,0
2024-01-01,2024-01-07,2024,1,WAL,Wales,201,416,2.07,156,16,12,128,63.7,0
2024-01-01,2024-01-07,2024,1,SCO,Scotland,265,430,1.62,218,32,18,168,63.4,0
2024-01-01,2024-01-07,2024,1,YRK,Yorkshire,348,691,1.99,284,59,19,206,59.2,0
2024-01-08,2024-01-14,2024,2,NW,North West,418,739,1.77,328,50,15,263,62.9,0
2024-01-08,2024-01-14,2024,2,NE,North East,309,513,1.66,233,49,12,172,55.7,0
2024-01-08,2024-01-14,2024,2,MID,Midlands,508,777,1.53,360,48,21,291,57.3,0
2024-01-08,2024-01-14,2024,2,SE,South East,578,991,1.71,408,74,17,317,54.8,0
2024-01-08,2024-01-14,2024,2,SW,South West,269,510,1.9,206,32,11,163,60.6,0
2024-01-08,2024-01-14,2024,2,WAL,Wales,219,350,1.6,174,34,9,131,59.8,0
2024-01-08,2024-01-14,2024,2,SCO,Scotland,289,628,2.17,229,33,15,181,62.6,0
2024-01-08,2024-01-14,2024,2,YRK,Yorkshire,378,741,1.96,284,54,13,217,57.4,0
2024-01-15,2024-01-21,2024,3,NW,North West,405,762,1.88,340,56,19,265,65.4,0
2024-01-15,2024-01-21,2024,3,NE,North East,299,642,2.15,242,41,17,184,61.5,0
2024-01-15,2024-01-21,2024,3,MID,Midlands,491,780,1.59,362,72,24,266,54.2,0
2024-01-15,2024-01-21,2024,3,SE,South East,559,1139,2.04,448,49,24,375,67.1,0
2024-01-15,2024-01-21,2024,3,SW,South West,260,564,2.17,195,34,15,146,56.2,0
2024-01-15,2024-01-21,2024,3,WAL,Wales,212,394,1.86,164,29,12,123,58.0,0
2024-01-15,2024-01-21,2024,3,SCO,Scotland,279,414,1.48,227,31,12,184,65.9,0
2024-01-15,2024-01-21,2024,3,YRK,Yorkshire,366,556,1.52,288,40,28,220,60.1,0
2024-01-22,2024-01-28,2024,4,NW,North West,393,618,1.57,328,55,29,244,62.1,0
2024-01-22,2024-01-28,2024,4,NE,North East,290,572,1.97,235,47,11,177,61.0,0
2024-01-22,2024-01-28,2024,4,MID,Midlands,477,741,1.55,354,71,23,260,54.5,0
2024-01-22,2024-01-28,2024,4,SE,South East,543,1170,2.15,382,43,23,316,58.2,0
2024-01-22,2024-01-28,2024,4,SW,South West,252,497,1.97,183,26,12,145,57.5,0
2024-01-22,2024-01-28,2024,4,WAL,Wales,206,373,1.81,160,19,14,127,61.7,0
2024-01-22,2024-01-28,2024,4,SCO,Scotland,271,538,1.99,206,27,9,170,62.7,0
2024-01-22,2024-01-28,2024,4,YRK,Yorkshire,355,755,2.13,296,51,27,218,61.4,0
2024-01-29,2024-02-04,2024,5,NW,North West,395,634,1.61,320,48,20,252,63.8,0
2024-01-29,2024-02-04,2024,5,NE,North East,291,478,1.64,215,44,10,161,55.3,0
2024-01-29,2024-02-04,2024,5,MID,Midlands,480,897,1.87,403,74,24,305,63.5,0
2024-01-29,2024-02-04,2024,5,SE,South East,546,832,1.52,450,49,44,357,65.4,0
2024-01-29,2024-02-04,2024,5,SW,South West,254,500,1.97,198,41,17,140,55.1,0
2024-01-29,2024-02-04,2024,5,WAL,Wales,207,382,1.85,170,17,14,139,67.1,0
2024-01-29,2024-02-04,2024,5,SCO,Scotland,273,548,2.01,195,35,12,148,54.2,0
2024-01-29,2024-02-04,2024,5,YRK,Yorkshire,357,766,2.15,277,59,17,201,56.3,0
2024-02-05,2024-02-11,2024,6,NW,North West,415,851,2.05,342,64,23,255,61.4,0
2024-02-05,2024-02-11,2024,6,NE,North East,306,450,1.47,251,32,12,207,67.6,0
2024-02-05,2024-02-11,2024,6,MID,Midlands,504,941,1.87,368,38,25,305,60.5,0
2024-02-05,2024-02-11,2024,6,SE,South East,573,1108,1.93,417,47,23,347,60.6,0
2024-02-05,2024-02-11,2024,6,SW,South West,267,408,1.53,212,43,11,158,59.2,0
2024-02-05,2024-02-11,2024,6,WAL,Wales,217,425,1.96,178,34,10,134,61.8,0
2024-02-05,2024-02-11,2024,6,SCO,Scotland,286,457,1.6,217,27,17,173,60.5,0
2024-02-05,2024-02-11,2024,6,YRK,Yorkshire,375,751,2.0,309,59,14,236,62.9,0
2024-02-12,2024-02-18,2024,7,NW,North West,362,701,1.94,262,39,12,211,58.3,0
2024-02-12,2024-02-18,2024,7,NE,North East,267,510,1.91,194,24,11,159,59.6,0
2024-02-12,2024-02-18,2024,7,MID,Midlands,440,756,1.72,339,60,19,260,59.1,0
2024-02-12,2024-02-18,2024,7,SE,South East,500,929,1.86,363,63,33,267,53.4,0
2024-02-12,2024-02-18,2024,7,SW,South West,233,441,1.89,188,35,13,140,60.1,0
2024-02-12,2024-02-18,2024,7,WAL,Wales,189,315,1.67,140,29,5,106,56.1,0
2024-02-12,2024-02-18,2024,7,SCO,Scotland,250,403,1.61,192,39,10,143,57.2,0
2024-02-12,2024-02-18,2024,7,YRK,Yorkshire,327,637,1.95,241,28,13,200,61.2,0
2024-02-19,2024-02-25,2024,8,NW,North West,352,558,1.59,285,31,19,235,66.8,0
2024-02-19,2024-02-25,2024,8,NE,North East,259,484,1.87,194,20,12,162,62.5,0
2024-02-19,2024-02-25,2024,8,MID,Midlands,427,676,1.58,352,68,28,256,60.0,0
2024-02-19,2024-02-25,2024,8,SE,South East,486,749,1.54,372,71,30,271,55.8,0
2024-02-19,2024-02-25,2024,8,SW,South West,226,370,1.64,176,25,15,136,60.2,0
2024-02-19,2024-02-25,2024,8,WAL,Wales,184,400,2.17,148,25,6,117,63.6,0
2024-02-19,2024-02-25,2024,8,SCO,Scotland,243,378,1.56,203,36,9,158,65.0,0
2024-02-19,2024-02-25,2024,8,YRK,Yorkshire,318,516,1.62,244,35,18,191,60.1,0
2024-02-26,2024-03-03,2024,9,NW,North West,376,810,2.15,288,54,25,209,55.6,0
2024-02-26,2024-03-03,2024,9,NE,North East,277,415,1.5,216,30,10,176,63.5,0
2024-02-26,2024-03-03,2024,9,MID,Midlands,457,831,1.82,378,59,26,293,64.1,0
2024-02-26,2024-03-03,2024,9,SE,South East,519,774,1.49,418,80,34,304,58.6,0
2024-02-26,2024-03-03,2024,9,SW,South West,241,491,2.04,181,19,18,144,59.8,0
2024-02-26,2024-03-03,2024,9,WAL,Wales,197,311,1.58,155,30,12,113,57.4,0
2024-02-26,2024-03-03,2024,9,SCO,Scotland,259,452,1.75,203,28,9,166,64.1,0
2024-02-26,2024-03-03,2024,9,YRK,Yorkshire,340,643,1.89,268,56,24,188,55.3,0
2024-03-04,2024-03-10,2024,10,NW,North West,354,699,1.97,289,59,23,207,58.5,0
2024-03-04,2024-03-10,2024,10,NE,North East,261,526,2.02,203,35,16,152,58.2,0
2024-03-04,2024-03-10,2024,10,MID,Midlands,431,647,1.5,348,57,24,267,61.9,0
2024-03-04,2024-03-10,2024,10,SE,South East,490,911,1.86,396,44,28,324,66.1,0
2024-03-04,2024-03-10,2024,10,SW,South West,228,324,1.42,188,36,15,137,60.1,0
2024-03-04,2024-03-10,2024,10,WAL,Wales,185,276,1.49,135,25,7,103,55.7,0
2024-03-04,2024-03-10,2024,10,SCO,Scotland,245,377,1.54,197,29,15,153,62.4,0
2024-03-04,2024-03-10,2024,10,YRK,Yorkshire,321,633,1.97,231,39,15,177,55.1,0
2024-03-11,2024-03-17,2024,11,NW,North West,351,709,2.02,268,51,17,200,57.0,0
2024-03-11,2024-03-17,2024,11,NE,North East,259,363,1.4,189,26,16,147,56.8,0
2024-03-11,2024-03-17,2024,11,MID,Midlands,426,824,1.93,340,47,27,266,62.4,0
2024-03-11,2024-03-17,2024,11,SE,South East,485,850,1.75,340,57,28,255,52.6,0
2024-03-11,2024-03-17,2024,11,SW,South West,225,415,1.84,175,26,11,138,61.3,0
2024-03-11,2024-03-17,2024,11,WAL,Wales,184,258,1.4,136,25,7,104,56.5,0
2024-03-11,2024-03-17,2024,11,SCO,Scotland,242,435,1.8,183,25,10,148,61.2,0
2024-03-11,2024-03-17,2024,11,YRK,Yorkshire,318,474,1.49,252,32,22,198,62.3,0
2024-03-18,2024-03-24,2024,12,NW,North West,348,734,2.11,259,35,21,203,58.3,0
2024-03-18,2024-03-24,2024,12,NE,North East,257,494,1.92,182,19,11,152,59.1,0
2024-03-18,2024-03-24,2024,12,MID,Midlands,423,774,1.83,324,68,20,236,55.8,0
2024-03-18,2024-03-24,2024,12,SE,South East,481,861,1.79,358,36,23,299,62.2,0
2024-03-18,2024-03-24,2024,12,SW,South West,224,424,1.89,189,40,14,135,60.3,0
2024-03-18,2024-03-24,2024,12,WAL,Wales,182,349,1.92,144,18,9,117,64.3,0
2024-03-18,2024-03-24,2024,12,SCO,Scotland,240,525,2.19,187,38,9,140,58.3,0
2024-03-18,2024-03-24,2024,12,YRK,Yorkshire,315,572,1.82,254,28,17,209,66.3,0
2024-03-25,2024-03-31,2024,13,NW,North West,333,627,1.88,264,51,14,199,59.8,0
2024-03-25,2024-03-31,2024,13,NE,North East,245,498,2.03,196,39,13,144,58.8,0
2024-03-25,2024-03-31,2024,13,MID,Midlands,404,650,1.61,309,42,18,249,61.6,0
2024-03-25,2024-03-31,2024,13,SE,South East,460,781,1.7,326,47,31,248,53.9,0
2024-03-25,2024-03-31,2024,13,SW,South West,214,299,1.4,174,26,10,138,64.5,0
2024-03-25,2024-03-31,2024,13,WAL,Wales,174,310,1.78,140,29,9,102,58.6,0
2024-03-25,2024-03-31,2024,13,SCO,Scotland,230,380,1.65,167,36,14,117,50.9,0
2024-03-25,2024-03-31,2024,13,YRK,Yorkshire,301,498,1.65,254,43,18,193,64.1,0
2024-04-01,2024-04-07,2024,14,NW,North West,330,499,1.51,246,52,16,178,53.9,0
2024-04-01,2024-04-07,2024,14,NE,North East,244,400,1.64,202,28,11,163,66.8,0
2024-04-01,2024-04-07,2024,14,MID,Midlands,401,866,2.16,294,53,26,215,53.6,0
2024-04-01,2024-04-07,2024,14,SE,South East,456,806,1.77,374,54,17,303,66.4,0
2024-04-01,2024-04-07,2024,14,SW,South West,212,378,1.78,167,29,13,125,59.0,0
2024-04-01,2024-04-07,2024,14,WAL,Wales,173,277,1.6,133,23,11,99,57.2,0
2024-04-01,2024-04-07,2024,14,SCO,Scotland,228,383,1.68,174,33,12,129,56.6,0
2024-04-01,2024-04-07,2024,14,YRK,Yorkshire,299,565,1.89,213,29,15,169,56.5,0
2024-04-08,2024-04-14,2024,15,NW,North West,351,602,1.72,254,45,21,188,53.6,0
2024-04-08,2024-04-14,2024,15,NE,North East,259,491,1.9,208,37,13,158,61.0,0
2024-04-08,2024-04-14,2024,15,MID,Midlands,426,936,2.2,343,64,18,261,61.3,0
2024-04-08,2024-04-14,2024,15,SE,South East,485,844,1.74,385,54,33,298,61.4,0
2024-04-08,2024-04-14,2024,15,SW,South West,225,489,2.17,170,33,12,125,55.6,0
2024-04-08,2024-04-14,2024,15,WAL,Wales,184,291,1.58,151,24,8,119,64.7,0
2024-04-08,2024-04-14,2024,15,SCO,Scotland,242,369,1.52,177,27,9,141,58.3,0
2024-04-08,2024-04-14,2024,15,YRK,Yorkshire,317,647,2.04,255,36,11,208,65.6,0
2024-04-15,2024-04-21,2024,16,NW,North West,330,644,1.95,254,46,11,197,59.7,0
2024-04-15,2024-04-21,2024,16,NE,North East,243,352,1.45,188,35,15,138,56.8,0
2024-04-15,2024-04-21,2024,16,MID,Midlands,401,644,1.61,327,55,30,242,60.3,0
2024-04-15,2024-04-21,2024,16,SE,South East,456,935,2.05,376,46,19,311,68.2,0
2024-04-15,2024-04-21,2024,16,SW,South West,212,358,1.69,180,34,16,130,61.3,0
2024-04-15,2024-04-21,2024,16,WAL,Wales,173,244,1.41,145,24,6,115,66.5,0
2024-04-15,2024-04-21,2024,16,SCO,Scotland,228,480,2.11,164,32,6,126,55.3,0
2024-04-15,2024-04-21,2024,16,YRK,Yorkshire,298,491,1.65,250,31,16,203,68.1,0
2024-04-22,2024-04-28,2024,17,NW,North West,303,625,2.06,222,31,15,176,58.1,0
2024-04-22,2024-04-28,2024,17,NE,North East,223,326,1.46,166,22,12,132,59.2,0
2024-04-22,2024-04-28,2024,17,MID,Midlands,368,553,1.5,266,41,16,209,56.8,0
2024-04-22,2024-04-28,2024,17,SE,South East,418,799,1.91,333,57,27,249,59.6,0
2024-04-22,2024-04-28,2024,17,SW,South West,195,373,1.91,161,34,11,116,59.5,0
2024-04-22,2024-04-28,2024,17,WAL,Wales,158,331,2.09,132,28,10,94,59.5,0
2024-04-22,2024-04-28,2024,17,SCO,Scotland,209,439,2.1,169,28,9,132,63.2,0
2024-04-22,2024-04-28,2024,17,YRK,Yorkshire,274,522,1.91,225,34,21,170,62.0,0
2024-04-29,2024-05-05,2024,18,NW,North West,322,562,1.75,269,50,20,199,61.8,0
2024-04-29,2024-05-05,2024,18,NE,North East,237,487,2.05,179,27,13,139,58.6,0
2024-04-29,2024-05-05,2024,18,MID,Midlands,391,697,1.78,321,61,23,237,60.6,0
2024-04-29,2024-05-05,2024,18,SE,South East,445,911,2.05,312,59,28,225,50.6,0
2024-04-29,2024-05-05,2024,18,SW,South West,207,304,1.47,173,26,15,132,63.8,0
2024-04-29,2024-05-05,2024,18,WAL,Wales,168,328,1.95,139,29,5,105,62.5,0
2024-04-29,2024-05-05,2024,18,SCO,Scotland,222,392,1.77,159,16,16,127,57.2,0
2024-04-29,2024-05-05,2024,18,YRK,Yorkshire,291,521,1.79,214,40,15,159,54.6,0
2024-05-06,2024-05-12,2024,19,NW,North West,351,605,1.72,270,47,24,199,56.7,0
2024-05-06,2024-05-12,2024,19,NE,North East,259,410,1.58,200,30,17,153,59.1,0
2024-05-06,2024-05-12,2024,19,MID,Midlands,426,809,1.9,314,60,21,233,54.7,0
2024-05-06,2024-05-12,2024,19,SE,South East,485,1027,2.12,376,50,29,297,61.2,0
2024-05-06,2024-05-12,2024,19,SW,South West,225,474,2.11,168,32,14,122,54.2,0
2024-05-06,2024-05-12,2024,19,WAL,Wales,184,396,2.15,152,22,14,116,63.0,0
2024-05-06,2024-05-12,2024,19,SCO,Scotland,242,451,1.86,195,31,18,146,60.3,0
2024-05-06,2024-05-12,2024,19,YRK,Yorkshire,317,461,1.45,223,38,11,174,54.9,0
2024-05-13,2024-05-19,2024,20,NW,North West,358,701,1.96,289,46,21,222,62.0,0
2024-05-13,2024-05-19,2024,20,NE,North East,264,514,1.95,222,48,19,155,58.7,0
2024-05-13,2024-05-19,2024,20,MID,Midlands,435,732,1.68,347,55,33,259,59.5,0
2024-05-13,2024-05-19,2024,20,SE,South East,494,1008,2.04,409,84,17,308,62.3,0
2024-05-13,2024-05-19,2024,20,SW,South West,230,417,1.81,161,27,8,126,54.8,0
2024-05-13,2024-05-19,2024,20,WAL,Wales,187,331,1.77,136,25,12,99,52.9,0
2024-05-13,2024-05-19,2024,20,SCO,Scotland,247,484,1.96,197,42,12,143,57.9,0
2024-05-13,2024-05-19,2024,20,YRK,Yorkshire,324,677,2.09,257,50,22,185,57.1,0
2024-05-20,2024-05-26,2024,21,NW,North West,307,597,1.94,245,48,21,176,57.3,0
2024-05-20,2024-05-26,2024,21,NE,North East,227,375,1.65,170,21,14,135,59.5,0
2024-05-20,2024-05-26,2024,21,MID,Midlands,373,580,1.55,310,32,29,249,66.8,0
2024-05-20,2024-05-26,2024,21,SE,South East,424,848,2.0,333,57,21,255,60.1,0
2024-05-20,2024-05-26,2024,21,SW,South West,197,304,1.54,140,28,12,100,50.8,0
2024-05-20,2024-05-26,2024,21,WAL,Wales,161,280,1.74,133,25,5,103,64.0,0
2024-05-20,2024-05-26,2024,21,SCO,Scotland,212,378,1.78,157,28,10,119,56.1,0
2024-05-20,2024-05-26,2024,21,YRK,Yorkshire,278,420,1.51,216,39,15,162,58.3,0
2024-05-27,2024-06-02,2024,22,NW,North West,396,594,1.5,320,43,32,245,61.9,0
2024-05-27,2024-06-02,2024,22,NE,North East,292,504,1.73,232,43,21,168,57.5,0
2024-05-27,2024-06-02,2024,22,MID,Midlands,481,773,1.61,364,45,19,300,62.4,0
2024-05-27,2024-06-02,2024,22,SE,South East,547,957,1.75,453,94,31,328,60.0,0
2024-05-27,2024-06-02,2024,22,SW,South West,254,406,1.6,203,24,12,167,65.7,0
2024-05-27,2024-06-02,2024,22,WAL,Wales,207,419,2.02,163,22,13,128,61.8,0
2024-05-27,2024-06-02,2024,22,SCO,Scotland,273,442,1.62,228,39,12,177,64.8,0
2024-05-27,2024-06-02,2024,22,YRK,Yorkshire,358,615,1.72,273,44,21,208,58.1,0
2024-06-03,2024-06-09,2024,23,NW,North West,396,863,2.18,279,46,16,217,54.8,0
2024-06-03,2024-06-09,2024,23,NE,North East,292,518,1.77,219,42,20,157,53.8,0
2024-06-03,2024-06-09,2024,23,MID,Midlands,481,968,2.01,341,63,22,256,53.2,0
2024-06-03,2024-06-09,2024,23,SE,South East,548,972,1.77,451,66,26,359,65.5,0
2024-06-03,2024-06-09,2024,23,SW,South West,255,491,1.93,192,35,14,143,56.1,0
2024-06-03,2024-06-09,2024,23,WAL,Wales,207,362,1.75,159,24,10,125,60.4,0
2024-06-03,2024-06-09,2024,23,SCO,Scotland,274,582,2.12,216,46,11,159,58.0,0
2024-06-03,2024-06-09,2024,23,YRK,Yorkshire,359,705,1.96,253,45,19,189,52.6,0
2024-06-10,2024-06-16,2024,24,NW,North West,411,740,1.8,345,73,21,251,61.1,0
2024-06-10,2024-06-16,2024,24,NE,North East,303,532,1.76,225,23,22,180,59.4,0
2024-06-10,2024-06-16,2024,24,MID,Midlands,499,884,1.77,354,74,17,263,52.7,0
2024-06-10,2024-06-16,2024,24,SE,South East,568,881,1.55,410,46,31,333,58.6,0
2024-06-10,2024-06-16,2024,24,SW,South West,264,469,1.78,201,34,15,152,57.6,0
2024-06-10,2024-06-16,2024,24,WAL,Wales,215,341,1.59,153,23,14,116,54.0,0
2024-06-10,2024-06-16,2024,24,SCO,Scotland,284,424,1.49,229,44,17,168,59.2,0
2024-06-10,2024-06-16,2024,24,YRK,Yorkshire,372,737,1.98,283,37,24,222,59.7,0
2024-06-17,2024-06-23,2024,25,NW,North West,389,587,1.51,275,38,11,226,58.1,0
2024-06-17,2024-06-23,2024,25,NE,North East,287,468,1.63,210,41,20,149,51.9,0
2024-06-17,2024-06-23,2024,25,MID,Midlands,472,720,1.53,333,57,24,252,53.4,0
2024-06-17,2024-06-23,2024,25,SE,South East,537,998,1.86,416,45,31,340,63.3,0
2024-06-17,2024-06-23,2024,25,SW,South West,250,400,1.6,202,33,20,149,59.6,0
2024-06-17,2024-06-23,2024,25,WAL,Wales,203,360,1.77,144,19,7,118,58.1,0
2024-06-17,2024-06-23,2024,25,SCO,Scotland,268,399,1.49,211,35,11,165,61.6,0
2024-06-17,2024-06-23,2024,25,YRK,Yorkshire,352,560,1.59,253,31,12,210,59.7,0
2024-06-24,2024-06-30,2024,26,NW,North West,425,787,1.85,329,52,30,247,58.1,0
2024-06-24,2024-06-30,2024,26,NE,North East,314,504,1.61,244,27,25,192,61.1,0
2024-06-24,2024-06-30,2024,26,MID,Midlands,517,725,1.4,374,74,28,272,52.6,0
2024-06-24,2024-06-30,2024,26,SE,South East,588,1050,1.79,427,45,40,342,58.2,0
2024-06-24,2024-06-30,2024,26,SW,South West,273,477,1.75,200,36,11,153,56.0,0
2024-06-24,2024-06-30,2024,26,WAL,Wales,223,437,1.96,159,21,9,129,57.8,0
2024-06-24,2024-06-30,2024,26,SCO,Scotland,294,577,1.96,238,49,11,178,60.5,0
2024-06-24,2024-06-30,2024,26,YRK,Yorkshire,385,808,2.1,288,32,20,236,61.3,0
2024-07-01,2024-07-07,2024,27,NW,North West,404,671,1.66,326,65,14,247,61.1,0
2024-07-01,2024-07-07,2024,27,NE,North East,298,616,2.07,232,33,11,188,63.1,0
2024-07-01,2024-07-07,2024,27,MID,Midlands,490,847,1.73,383,70,34,279,56.9,0
2024-07-01,2024-07-07,2024,27,SE,South East,558,934,1.67,391,69,38,284,50.9,0
2024-07-01,2024-07-07,2024,27,SW,South West,259,496,1.92,184,25,12,147,56.8,0
2024-07-01,2024-07-07,2024,27,WAL,Wales,211,389,1.84,172,18,10,144,68.2,0
2024-07-01,2024-07-07,2024,27,SCO,Scotland,279,412,1.48,236,41,13,182,65.2,0
2024-07-01,2024-07-07,2024,27,YRK,Yorkshire,365,705,1.93,294,52,27,215,58.9,0
2024-07-08,2024-07-14,2024,28,NW,North West,433,948,2.19,362,59,27,276,63.7,0
2024-07-08,2024-07-14,2024,28,NE,North East,320,598,1.87,246,28,25,193,60.3,0
2024-07-08,2024-07-14,2024,28,MID,Midlands,526,844,1.6,386,41,21,324,61.6,0
2024-07-08,2024-07-14,2024,28,SE,South East,599,951,1.59,476,48,31,397,66.3,0
2024-07-08,2024-07-14,2024,28,SW,South West,278,516,1.86,219,46,20,153,55.0,0
2024-07-08,2024-07-14,2024,28,WAL,Wales,227,427,1.88,170,36,10,124,54.6,0
2024-07-08,2024-07-14,2024,28,SCO,Scotland,299,589,1.97,226,40,17,169,56.5,0
2024-07-08,2024-07-14,2024,28,YRK,Yorkshire,392,755,1.93,300,53,27,220,56.1,0
2024-07-15,2024-07-21,2024,29,NW,North West,435,853,1.96,306,52,22,232,53.3,0
2024-07-15,2024-07-21,2024,29,NE,North East,321,690,2.15,265,46,14,205,63.9,0
2024-07-15,2024-07-21,2024,29,MID,Midlands,528,885,1.68,407,71,25,311,58.9,0
2024-07-15,2024-07-21,2024,29,SE,South East,601,1090,1.81,474,89,24,361,60.1,0
2024-07-15,2024-07-21,2024,29,SW,South West,279,481,1.72,231,45,18,168,60.2,0
2024-07-15,2024-07-21,2024,29,WAL,Wales,228,476,2.09,163,29,8,126,55.3,0
2024-07-15,2024-07-21,2024,29,SCO,Scotland,300,558,1.86,245,27,18,200,66.7,0
2024-07-15,2024-07-21,2024,29,YRK,Yorkshire,393,833,2.12,289,62,21,206,52.4,0
2024-07-22,2024-07-28,2024,30,NW,North West,439,796,1.81,363,52,19,292,66.5,0
2024-07-22,2024-07-28,2024,30,NE,North East,324,702,2.17,270,27,24,219,67.6,0
2024-07-22,2024-07-28,2024,30,MID,Midlands,533,907,1.7,448,94,19,335,62.9,0
2024-07-22,2024-07-28,2024,30,SE,South East,606,1292,2.13,501,98,29,374,61.7,0
2024-07-22,2024-07-28,2024,30,SW,South West,282,509,1.8,201,41,17,143,50.7,0
2024-07-22,2024-07-28,2024,30,WAL,Wales,230,434,1.89,161,27,7,127,55.2,0
2024-07-22,2024-07-28,2024,30,SCO,Scotland,303,648,2.14,252,41,14,197,65.0,0
2024-07-22,2024-07-28,2024,30,YRK,Yorkshire,397,785,1.98,318,52,13,253,63.7,0
2024-07-29,2024-08-04,2024,31,NW,North West,425,678,1.6,319,53,28,238,56.0,0
2024-07-29,2024-08-04,2024,31,NE,North East,313,476,1.52,251,34,12,205,65.5,0
2024-07-29,2024-08-04,2024,31,MID,Midlands,516,864,1.67,382,42,29,311,60.3,0
2024-07-29,2024-08-04,2024,31,SE,South East,587,1280,2.18,475,68,38,369,62.9,0
2024-07-29,2024-08-04,2024,31,SW,South West,273,476,1.74,199,41,16,142,52.0,0
2024-07-29,2024-08-04,2024,31,WAL,Wales,222,419,1.89,155,28,12,115,51.8,0
2024-07-29,2024-08-04,2024,31,SCO,Scotland,293,640,2.18,227,36,13,178,60.8,0
2024-07-29,2024-08-04,2024,31,YRK,Yorkshire,384,750,1.95,287,52,12,223,58.1,0
2024-08-05,2024-08-11,2024,32,NW,North West,483,934,1.93,377,60,35,282,58.4,0
2024-08-05,2024-08-11,2024,32,NE,North East,356,529,1.49,263,57,14,192,53.9,0
2024-08-05,2024-08-11,2024,32,MID,Midlands,586,1161,1.98,442,47,35,360,61.4,0
2024-08-05,2024-08-11,2024,32,SE,South East,667,1003,1.5,476,89,20,367,55.0,0
2024-08-05,2024-08-11,2024,32,SW,South West,310,572,1.85,227,39,22,166,53.5,0
2024-08-05,2024-08-11,2024,32,WAL,Wales,253,476,1.88,214,35,12,167,66.0,0
2024-08-05,2024-08-11,2024,32,SCO,Scotland,333,702,2.11,263,57,22,184,55.3,0
2024-08-05,2024-08-11,2024,32,YRK,Yorkshire,437,743,1.7,306,56,23,227,51.9,0
2024-08-12,2024-08-18,2024,33,NW,North West,394,866,2.2,319,57,13,249,63.2,0
2024-08-12,2024-08-18,2024,33,NE,North East,291,605,2.08,234,26,14,194,66.7,0
2024-08-12,2024-08-18,2024,33,MID,Midlands,479,777,1.62,347,74,15,258,53.9,0
2024-08-12,2024-08-18,2024,33,SE,South East,545,849,1.56,403,44,37,322,59.1,0
2024-08-12,2024-08-18,2024,33,SW,South West,253,466,1.84,189,24,18,147,58.1,0
2024-08-12,2024-08-18,2024,33,WAL,Wales,206,368,1.79,169,36,10,123,59.7,0
2024-08-12,2024-08-18,2024,33,SCO,Scotland,272,548,2.01,213,23,11,179,65.8,0
2024-08-12,2024-08-18,2024,33,YRK,Yorkshire,357,707,1.98,276,47,23,206,57.7,0
2024-08-19,2024-08-25,2024,34,NW,North West,495,843,1.7,418,54,25,339,68.5,0
2024-08-19,2024-08-25,2024,34,NE,North East,365,513,1.41,300,64,20,216,59.2,0
2024-08-19,2024-08-25,2024,34,MID,Midlands,602,1229,2.04,450,57,43,350,58.1,0
2024-08-19,2024-08-25,2024,34,SE,South East,684,1381,2.02,528,56,53,419,61.3,0
2024-08-19,2024-08-25,2024,34,SW,South West,318,531,1.67,239,32,20,187,58.8,0
2024-08-19,2024-08-25,2024,34,WAL,Wales,259,488,1.88,202,32,10,160,61.8,0
2024-08-19,2024-08-25,2024,34,SCO,Scotland,342,539,1.58,263,45,14,204,59.6,0
2024-08-19,2024-08-25,2024,34,YRK,Yorkshire,448,968,2.16,327,56,25,246,54.9,0
2024-08-26,2024-09-01,2024,35,NW,North West,518,1048,2.02,392,57,38,297,57.3,0
2024-08-26,2024-09-01,2024,35,NE,North East,382,692,1.81,289,57,14,218,57.1,0
2024-08-26,2024-09-01,2024,35,MID,Midlands,629,1023,1.63,465,92,22,351,55.8,0
2024-08-26,2024-09-01,2024,35,SE,South East,715,1013,1.42,605,87,48,470,65.7,0
2024-08-26,2024-09-01,2024,35,SW,South West,333,710,2.13,276,57,23,196,58.9,0
2024-08-26,2024-09-01,2024,35,WAL,Wales,271,404,1.49,191,39,18,134,49.4,0
2024-08-26,2024-09-01,2024,35,SCO,Scotland,357,561,1.57,254,42,22,190,53.2,0
2024-08-26,2024-09-01,2024,35,YRK,Yorkshire,468,655,1.4,329,45,20,264,56.4,0
2024-09-02,2024-09-08,2024,36,NW,North West,518,838,1.62,408,54,21,333,64.3,0
2024-09-02,2024-09-08,2024,36,NE,North East,382,555,1.45,289,51,15,223,58.4,0
2024-09-02,2024-09-08,2024,36,MID,Midlands,629,1245,1.98,448,81,41,326,51.8,0
2024-09-02,2024-09-08,2024,36,SE,South East,715,1041,1.46,602,97,49,456,63.8,0
2024-09-02,2024-09-08,2024,36,SW,South West,333,670,2.01,253,28,21,204,61.3,0
2024-09-02,2024-09-08,2024,36,WAL,Wales,271,513,1.89,211,21,13,177,65.3,0
2024-09-02,2024-09-08,2024,36,SCO,Scotland,357,690,1.93,251,44,24,183,51.3,0
2024-09-02,2024-09-08,2024,36,YRK,Yorkshire,468,813,1.74,335,34,29,272,58.1,0
2024-09-09,2024-09-15,2024,37,NW,North West,509,1038,2.04,389,52,30,307,60.3,0
2024-09-09,2024-09-15,2024,37,NE,North East,376,592,1.57,267,28,25,214,56.9,0
2024-09-09,2024-09-15,2024,37,MID,Midlands,618,1349,2.18,485,56,29,400,64.7,0
2024-09-09,2024-09-15,2024,37,SE,South East,703,1046,1.49,522,65,52,405,57.6,0
2024-09-09,2024-09-15,2024,37,SW,South West,327,565,1.73,253,45,19,189,57.8,0
2024-09-09,2024-09-15,2024,37,WAL,Wales,266,389,1.46,190,20,10,160,60.2,0
2024-09-09,2024-09-15,2024,37,SCO,Scotland,351,759,2.16,287,45,16,226,64.4,0
2024-09-09,2024-09-15,2024,37,YRK,Yorkshire,460,850,1.85,363,41,25,297,64.6,0
2024-09-16,2024-09-22,2024,38,NW,North West,476,899,1.89,339,59,15,265,55.7,0
2024-09-16,2024-09-22,2024,38,NE,North East,351,763,2.17,270,37,21,212,60.4,0
2024-09-16,2024-09-22,2024,38,MID,Midlands,578,1146,1.98,448,91,20,337,58.3,0
2024-09-16,2024-09-22,2024,38,SE,South East,657,1413,2.15,484,67,21,396,60.3,0
2024-09-16,2024-09-22,2024,38,SW,South West,306,645,2.11,247,42,19,186,60.8,0
2024-09-16,2024-09-22,2024,38,WAL,Wales,249,414,1.66,200,20,21,159,63.9,0
2024-09-16,2024-09-22,2024,38,SCO,Scotland,328,552,1.68,239,42,11,186,56.7,0
2024-09-16,2024-09-22,2024,38,YRK,Yorkshire,431,846,1.96,322,43,17,262,60.8,0
2024-09-23,2024-09-29,2024,39,NW,North West,571,1238,2.17,426,74,28,324,56.7,0
2024-09-23,2024-09-29,2024,39,NE,North East,422,659,1.56,325,40,15,270,64.0,0
2024-09-23,2024-09-29,2024,39,MID,Midlands,694,1153,1.66,529,60,48,421,60.7,0
2024-09-23,2024-09-29,2024,39,SE,South East,789,1667,2.11,632,105,33,494,62.6,0
2024-09-23,2024-09-29,2024,39,SW,South West,367,704,1.92,307,59,29,219,59.7,0
2024-09-23,2024-09-29,2024,39,WAL,Wales,299,645,2.16,230,44,19,167,55.9,0
2024-09-23,2024-09-29,2024,39,SCO,Scotland,394,699,1.77,320,34,31,255,64.7,0
2024-09-23,2024-09-29,2024,39,YRK,Yorkshire,517,982,1.9,411,54,20,337,65.2,0
2024-09-30,2024-10-06,2024,40,NW,North West,530,756,1.43,418,66,26,326,61.5,0
2024-09-30,2024-10-06,2024,40,NE,North East,391,827,2.12,330,64,31,235,60.1,0
2024-09-30,2024-10-06,2024,40,MID,Midlands,644,994,1.54,541,65,56,420,65.2,0
2024-09-30,2024-10-06,2024,40,SE,South East,732,1232,1.68,562,119,48,395,54.0,0
2024-09-30,2024-10-06,2024,40,SW,South West,341,648,1.9,241,40,22,179,52.5,0
2024-09-30,2024-10-06,2024,40,WAL,Wales,278,485,1.74,211,30,13,168,60.4,0
2024-09-30,2024-10-06,2024,40,SCO,Scotland,366,638,1.74,296,46,19,231,63.1,0
2024-09-30,2024-10-06,2024,40,YRK,Yorkshire,480,858,1.79,369,40,23,306,63.7,0
2024-10-07,2024-10-13,2024,41,NW,North West,521,745,1.43,384,53,36,295,56.6,0
2024-10-07,2024-10-13,2024,41,NE,North East,384,786,2.05,288,55,23,210,54.7,0
2024-10-07,2024-10-13,2024,41,MID,Midlands,633,1040,1.64,487,76,30,381,60.2,0
2024-10-07,2024-10-13,2024,41,SE,South East,720,1316,1.83,555,121,48,386,53.6,0
2024-10-07,2024-10-13,2024,41,SW,South West,335,663,1.98,273,30,26,217,64.8,0
2024-10-07,2024-10-13,2024,41,WAL,Wales,273,508,1.86,195,32,15,148,54.2,0
2024-10-07,2024-10-13,2024,41,SCO,Scotland,360,748,2.08,255,33,14,208,57.8,0
2024-10-07,2024-10-13,2024,41,YRK,Yorkshire,471,1029,2.18,359,51,24,284,60.3,0
2024-10-14,2024-10-20,2024,42,NW,North West,517,782,1.51,373,48,33,292,56.5,0
2024-10-14,2024-10-20,2024,42,NE,North East,382,701,1.84,290,37,21,232,60.7,0
2024-10-14,2024-10-20,2024,42,MID,Midlands,628,1087,1.73,482,58,26,398,63.4,0
2024-10-14,2024-10-20,2024,42,SE,South East,714,1224,1.71,540,83,46,411,57.6,0
2024-10-14,2024-10-20,2024,42,SW,South West,332,550,1.66,244,38,15,191,57.5,0
2024-10-14,2024-10-20,2024,42,WAL,Wales,271,480,1.77,200,39,17,144,53.1,0
2024-10-14,2024-10-20,2024,42,SCO,Scotland,357,725,2.03,258,33,20,205,57.4,0
2024-10-14,2024-10-20,2024,42,YRK,Yorkshire,468,682,1.46,355,35,32,288,61.5,0
2024-10-21,2024-10-27,2024,43,NW,North West,504,1044,2.07,409,57,37,315,62.5,0
2024-10-21,2024-10-27,2024,43,NE,North East,372,554,1.49,291,38,29,224,60.2,0
2024-10-21,2024-10-27,2024,43,MID,Midlands,612,1056,1.73,512,85,45,382,62.4,0
2024-10-21,2024-10-27,2024,43,SE,South East,696,1130,1.62,584,96,55,433,62.2,0
2024-10-21,2024-10-27,2024,43,SW,South West,324,499,1.54,257,36,22,199,61.4,0
2024-10-21,2024-10-27,2024,43,WAL,Wales,264,575,2.18,217,26,11,180,68.2,0
2024-10-21,2024-10-27,2024,43,SCO,Scotland,348,524,1.51,263,28,14,221,63.5,0
2024-10-21,2024-10-27,2024,43,YRK,Yorkshire,456,984,2.16,378,50,26,302,66.2,0
2024-10-28,2024-11-03,2024,44,NW,North West,520,808,1.55,392,51,35,306,58.8,0
2024-10-28,2024-11-03,2024,44,NE,North East,384,623,1.62,296,48,26,222,57.8,0
2024-10-28,2024-11-03,2024,44,MID,Midlands,631,1039,1.65,487,58,39,390,61.8,0
2024-10-28,2024-11-03,2024,44,SE,South East,718,1362,1.9,607,106,44,457,63.6,0
2024-10-28,2024-11-03,2024,44,SW,South West,334,681,2.04,282,41,24,217,65.0,0
2024-10-28,2024-11-03,2024,44,WAL,Wales,272,446,1.64,198,36,8,154,56.6,0
2024-10-28,2024-11-03,2024,44,SCO,Scotland,359,748,2.08,297,47,19,231,64.3,0
2024-10-28,2024-11-03,2024,44,YRK,Yorkshire,470,895,1.9,329,38,24,267,56.8,0
2024-11-04,2024-11-10,2024,45,NW,North West,509,952,1.87,397,42,34,321,63.1,0
2024-11-04,2024-11-10,2024,45,NE,North East,375,689,1.84,289,41,14,234,62.4,0
2024-11-04,2024-11-10,2024,45,MID,Midlands,618,1275,2.06,447,88,18,341,55.2,0
2024-11-04,2024-11-10,2024,45,SE,South East,703,1043,1.48,520,99,26,395,56.2,0
2024-11-04,2024-11-10,2024,45,SW,South West,327,636,1.94,251,45,16,190,58.1,0
2024-11-04,2024-11-10,2024,45,WAL,Wales,266,509,1.91,202,33,15,154,57.9,0
2024-11-04,2024-11-10,2024,45,SCO,Scotland,351,549,1.56,254,43,11,200,57.0,0
2024-11-04,2024-11-10,2024,45,YRK,Yorkshire,460,938,2.04,372,76,19,277,60.2,0
2024-11-11,2024-11-17,2024,46,NW,North West,506,810,1.6,397,76,35,286,56.5,0
2024-11-11,2024-11-17,2024,46,NE,North East,373,570,1.53,303,37,27,239,64.1,0
2024-11-11,2024-11-17,2024,46,MID,Midlands,614,1245,2.03,510,65,37,408,66.4,0
2024-11-11,2024-11-17,2024,46,SE,South East,699,1012,1.45,590,99,49,442,63.2,0
2024-11-11,2024-11-17,2024,46,SW,South West,325,697,2.14,267,37,16,214,65.8,0
2024-11-11,2024-11-17,2024,46,WAL,Wales,265,395,1.49,201,28,12,161,60.8,0
2024-11-11,2024-11-17,2024,46,SCO,Scotland,349,585,1.68,294,64,16,214,61.3,0
2024-11-11,2024-11-17,2024,46,YRK,Yorkshire,457,667,1.46,341,54,33,254,55.6,0
2024-11-18,2024-11-24,2024,47,NW,North West,469,938,2.0,398,48,27,323,68.9,0
2024-11-18,2024-11-24,2024,47,NE,North East,346,566,1.64,286,48,27,211,61.0,0
2024-11-18,2024-11-24,2024,47,MID,Midlands,569,1129,1.98,400,40,32,328,57.6,0
2024-11-18,2024-11-24,2024,47,SE,South East,648,1339,2.07,483,59,37,387,59.7,0
2024-11-18,2024-11-24,2024,47,SW,South West,301,494,1.64,210,38,10,162,53.8,0
2024-11-18,2024-11-24,2024,47,WAL,Wales,245,406,1.66,199,41,10,148,60.4,0
2024-11-18,2024-11-24,2024,47,SCO,Scotland,324,490,1.51,231,48,20,163,50.3,0
2024-11-18,2024-11-24,2024,47,YRK,Yorkshire,424,723,1.71,307,67,15,225,53.1,0
2024-11-25,2024-12-01,2024,48,NW,North West,406,880,2.17,304,32,23,249,61.3,0
2024-11-25,2024-12-01,2024,48,NE,North East,300,587,1.96,217,39,11,167,55.7,0
2024-11-25,2024-12-01,2024,48,MID,Midlands,493,919,1.86,386,76,26,284,57.6,0
2024-11-25,2024-12-01,2024,48,SE,South East,561,1119,1.99,428,49,35,344,61.3,0
2024-11-25,2024-12-01,2024,48,SW,South West,261,502,1.92,205,34,19,152,58.2,0
2024-11-25,2024-12-01,2024,48,WAL,Wales,212,323,1.52,165,24,13,128,60.4,0
2024-11-25,2024-12-01,2024,48,SCO,Scotland,280,488,1.74,214,40,9,165,58.9,0
2024-11-25,2024-12-01,2024,48,YRK,Yorkshire,367,545,1.49,311,32,23,256,69.8,0
2024-12-02,2024-12-08,2024,49,NW,North West,447,789,1.77,376,63,16,297,66.4,0
2024-12-02,2024-12-08,2024,49,NE,North East,330,721,2.18,259,27,14,218,66.1,0
2024-12-02,2024-12-08,2024,49,MID,Midlands,543,1088,2.0,429,47,31,351,64.6,0
2024-12-02,2024-12-08,2024,49,SE,South East,617,1194,1.94,471,71,21,379,61.4,0
2024-12-02,2024-12-08,2024,49,SW,South West,287,594,2.07,206,23,14,169,58.9,0
2024-12-02,2024-12-08,2024,49,WAL,Wales,234,507,2.17,175,31,16,128,54.7,0
2024-12-02,2024-12-08,2024,49,SCO,Scotland,308,455,1.48,246,35,18,193,62.7,0
2024-12-02,2024-12-08,2024,49,YRK,Yorkshire,404,573,1.42,327,39,31,257,63.6,0
2024-12-09,2024-12-15,2024,50,NW,North West,479,911,1.9,348,67,27,254,53.0,0
2024-12-09,2024-12-15,2024,50,NE,North East,354,603,1.7,251,35,19,197,55.6,0
2024-12-09,2024-12-15,2024,50,MID,Midlands,582,1019,1.75,480,68,38,374,64.3,0
2024-12-09,2024-12-15,2024,50,SE,South East,662,1191,1.8,499,50,35,414,62.5,0
2024-12-09,2024-12-15,2024,50,SW,South West,308,528,1.71,254,53,23,178,57.8,0
2024-12-09,2024-12-15,2024,50,WAL,Wales,251,438,1.75,187,34,13,140,55.8,0
2024-12-09,2024-12-15,2024,50,SCO,Scotland,331,495,1.5,236,29,24,183,55.3,0
2024-12-09,2024-12-15,2024,50,YRK,Yorkshire,433,838,1.94,318,37,28,253,58.4,0
2024-12-16,2024-12-22,2024,51,NW,North West,412,622,1.51,295,61,14,220,53.4,0
2024-12-16,2024-12-22,2024,51,NE,North East,304,502,1.65,253,42,25,186,61.2,0
2024-12-16,2024-12-22,2024,51,MID,Midlands,500,994,1.99,373,40,39,294,58.8,0
2024-12-16,2024-12-22,2024,51,SE,South East,569,1039,1.83,408,52,32,324,56.9,0
2024-12-16,2024-12-22,2024,51,SW,South West,265,372,1.4,215,45,14,156,58.9,0
2024-12-16,2024-12-22,2024,51,WAL,Wales,215,420,1.95,159,19,12,128,59.5,0
2024-12-16,2024-12-22,2024,51,SCO,Scotland,284,456,1.61,210,44,11,155,54.6,0
2024-12-16,2024-12-22,2024,51,YRK,Yorkshire,373,814,2.18,300,31,24,245,65.7,0
2024-12-23,2024-12-29,2024,52,NW,North West,388,631,1.63,295,37,29,229,59.0,0
2024-12-23,2024-12-29,2024,52,NE,North East,286,524,1.83,239,42,14,183,64.0,0
2024-12-23,2024-12-29,2024,52,MID,Midlands,472,671,1.42,350,48,23,279,59.1,0
2024-12-23,2024-12-29,2024,52,SE,South East,536,880,1.64,414,57,35,322,60.1,0
2024-12-23,2024-12-29,2024,52,SW,South West,249,525,2.11,175,31,12,132,53.0,0
2024-12-23,2024-12-29,2024,52,WAL,Wales,203,286,1.41,157,16,7,134,66.0,0
2024-12-23,2024-12-29,2024,52,SCO,Scotland,268,568,2.12,197,24,16,157,58.6,0
2024-12-23,2024-12-29,2024,52,YRK,Yorkshire,351,723,2.06,290,56,20,214,61.0,0
2024-12-30,2025-01-05,2024,1,NW,North West,430,645,1.5,309,35,17,257,59.8,0
2024-12-30,2025-01-05,2024,1,NE,North East,318,552,1.74,236,39,20,177,55.7,0
2024-12-30,2025-01-05,2024,1,MID,Midlands,523,1054,2.02,389,54,35,300,57.4,0
2024-12-30,2025-01-05,2024,1,SE,South East,595,965,1.62,451,64,43,344,57.8,0
2024-12-30,2025-01-05,2024,1,SW,South West,277,541,1.95,214,25,14,175,63.2,0
2024-12-30,2025-01-05,2024,1,WAL,Wales,225,494,2.2,181,34,16,131,58.2,0
2024-12-30,2025-01-05,2024,1,SCO,Scotland,297,429,1.44,214,42,12,160,53.9,0
2024-12-30,2025-01-05,2024,1,YRK,Yorkshire,389,711,1.83,303,39,29,235,60.4,0
2025-01-06,2025-01-12,2025,2,NW,North West,403,564,1.4,304,34,20,250,62.0,0
2025-01-06,2025-01-12,2025,2,NE,North East,297,548,1.85,246,46,13,187,63.0,0
2025-01-06,2025-01-12,2025,2,MID,Midlands,489,1063,2.17,366,39,21,306,62.6,0
2025-01-06,2025-01-12,2025,2,SE,South East,556,1222,2.2,468,67,36,365,65.6,0
2025-01-06,2025-01-12,2025,2,SW,South West,259,450,1.74,182,23,11,148,57.1,0
2025-01-06,2025-01-12,2025,2,WAL,Wales,211,308,1.46,162,35,13,114,54.0,0
2025-01-06,2025-01-12,2025,2,SCO,Scotland,278,447,1.61,202,44,10,148,53.2,0
2025-01-06,2025-01-12,2025,2,YRK,Yorkshire,364,583,1.6,272,34,21,217,59.6,0
2025-01-13,2025-01-19,2025,3,NW,North West,366,686,1.87,309,36,15,258,70.5,0
2025-01-13,2025-01-19,2025,3,NE,North East,270,477,1.77,209,27,15,167,61.9,0
2025-01-13,2025-01-19,2025,3,MID,Midlands,445,652,1.47,342,72,26,244,54.8,0
2025-01-13,2025-01-19,2025,3,SE,South East,506,1060,2.09,416,70,26,320,63.2,0
2025-01-13,2025-01-19,2025,3,SW,South West,235,510,2.17,174,20,17,137,58.3,0
2025-01-13,2025-01-19,2025,3,WAL,Wales,192,310,1.61,152,29,7,116,60.4,0
2025-01-13,2025-01-19,2025,3,SCO,Scotland,253,370,1.46,178,22,14,142,56.1,0
2025-01-13,2025-01-19,2025,3,YRK,Yorkshire,331,606,1.83,237,43,10,184,55.6,0
2025-01-20,2025-01-26,2025,4,NW,North West,375,677,1.81,284,29,29,226,60.3,0
2025-01-20,2025-01-26,2025,4,NE,North East,277,396,1.43,227,31,14,182,65.7,0
2025-01-20,2025-01-26,2025,4,MID,Midlands,455,936,2.06,378,43,27,308,67.7,0
2025-01-20,2025-01-26,2025,4,SE,South East,518,962,1.86,414,84,37,293,56.6,0
2025-01-20,2025-01-26,2025,4,SW,South West,241,341,1.41,187,25,10,152,63.1,0
2025-01-20,2025-01-26,2025,4,WAL,Wales,196,408,2.08,143,14,14,115,58.7,0
2025-01-20,2025-01-26,2025,4,SCO,Scotland,259,469,1.81,214,26,12,176,68.0,0
2025-01-20,2025-01-26,2025,4,YRK,Yorkshire,339,653,1.93,284,56,24,204,60.2,0
2025-01-27,2025-02-02,2025,5,NW,North West,389,761,1.96,291,49,15,227,58.4,0
2025-01-27,2025-02-02,2025,5,NE,North East,287,450,1.57,213,29,19,165,57.5,0
2025-01-27,2025-02-02,2025,5,MID,Midlands,473,1008,2.13,343,70,14,259,54.8,0
2025-01-27,2025-02-02,2025,5,SE,South East,538,1023,1.9,407,72,22,313,58.2,0
2025-01-27,2025-02-02,2025,5,SW,South West,250,527,2.11,178,31,11,136,54.4,0
2025-01-27,2025-02-02,2025,5,WAL,Wales,204,330,1.62,147,25,8,114,55.9,0
2025-01-27,2025-02-02,2025,5,SCO,Scotland,269,493,1.83,225,33,17,175,65.1,0
2025-01-27,2025-02-02,2025,5,YRK,Yorkshire,352,653,1.86,297,55,14,228,64.8,0
2025-02-03,2025-02-09,2025,6,NW,North West,357,677,1.9,259,29,13,217,60.8,0
2025-02-03,2025-02-09,2025,6,NE,North East,263,416,1.58,193,34,9,150,57.0,0
2025-02-03,2025-02-09,2025,6,MID,Midlands,434,841,1.94,318,45,24,249,57.4,0
2025-02-03,2025-02-09,2025,6,SE,South East,493,1061,2.15,360,72,31,257,52.1,0
2025-02-03,2025-02-09,2025,6,SW,South West,229,356,1.55,193,27,18,148,64.6,0
2025-02-03,2025-02-09,2025,6,WAL,Wales,187,310,1.66,136,14,10,112,59.9,0
2025-02-03,2025-02-09,2025,6,SCO,Scotland,246,380,1.54,190,41,7,142,57.7,0
2025-02-03,2025-02-09,2025,6,YRK,Yorkshire,323,636,1.97,243,31,15,197,61.0,0
2025-02-10,2025-02-16,2025,7,NW,North West,358,726,2.03,257,50,15,192,53.6,0
2025-02-10,2025-02-16,2025,7,NE,North East,264,475,1.8,195,40,13,142,53.8,0
2025-02-10,2025-02-16,2025,7,MID,Midlands,435,861,1.98,354,72,19,263,60.5,0
2025-02-10,2025-02-16,2025,7,SE,South East,495,987,1.99,363,63,33,267,53.9,0
2025-02-10,2025-02-16,2025,7,SW,South West,230,425,1.85,180,35,13,132,57.4,0
2025-02-10,2025-02-16,2025,7,WAL,Wales,188,291,1.55,151,28,14,109,58.0,0
2025-02-10,2025-02-16,2025,7,SCO,Scotland,247,380,1.54,181,20,18,143,57.9,0
2025-02-10,2025-02-16,2025,7,YRK,Yorkshire,324,659,2.03,248,48,18,182,56.2,0
2025-02-17,2025-02-23,2025,8,NW,North West,317,532,1.68,222,42,18,162,51.1,0
2025-02-17,2025-02-23,2025,8,NE,North East,234,513,2.19,196,22,9,165,70.5,0
2025-02-17,2025-02-23,2025,8,MID,Midlands,385,735,1.91,323,55,30,238,61.8,0
2025-02-17,2025-02-23,2025,8,SE,South East,438,948,2.16,313,60,24,229,52.3,0
2025-02-17,2025-02-23,2025,8,SW,South West,204,352,1.73,154,28,11,115,56.4,0
2025-02-17,2025-02-23,2025,8,WAL,Wales,166,322,1.94,119,20,9,90,54.2,0
2025-02-17,2025-02-23,2025,8,SCO,Scotland,219,309,1.41,155,25,12,118,53.9,0
2025-02-17,2025-02-23,2025,8,YRK,Yorkshire,287,529,1.84,239,34,17,188,65.5,0
2025-02-24,2025-03-02,2025,9,NW,North West,348,656,1.89,290,54,17,219,62.9,0
2025-02-24,2025-03-02,2025,9,NE,North East,257,437,1.7,198,33,15,150,58.4,0
2025-02-24,2025-03-02,2025,9,MID,Midlands,423,922,2.18,314,44,21,249,58.9,0
2025-02-24,2025-03-02,2025,9,SE,South East,481,908,1.89,398,50,39,309,64.2,0
2025-02-24,2025-03-02,2025,9,SW,South West,224,410,1.83,174,31,8,135,60.3,0
2025-02-24,2025-03-02,2025,9,WAL,Wales,182,384,2.11,146,16,8,122,67.0,0
2025-02-24,2025-03-02,2025,9,SCO,Scotland,240,348,1.45,190,21,13,156,65.0,0
2025-02-24,2025-03-02,2025,9,YRK,Yorkshire,315,473,1.5,222,31,12,179,56.8,0
2025-03-03,2025-03-09,2025,10,NW,North West,349,623,1.79,288,61,14,213,61.0,0
2025-03-03,2025-03-09,2025,10,NE,North East,257,450,1.75,195,36,14,145,56.4,0
2025-03-03,2025-03-09,2025,10,MID,Midlands,423,774,1.83,348,60,22,266,62.9,0
2025-03-03,2025-03-09,2025,10,SE,South East,482,810,1.68,367,56,19,292,60.6,0
2025-03-03,2025-03-09,2025,10,SW,South West,224,355,1.58,171,28,10,133,59.4,0
2025-03-03,2025-03-09,2025,10,WAL,Wales,182,317,1.74,127,24,7,96,52.7,0
2025-03-03,2025-03-09,2025,10,SCO,Scotland,241,449,1.86,170,18,13,139,57.7,0
2025-03-03,2025-03-09,2025,10,YRK,Yorkshire,315,477,1.51,264,54,15,195,61.9,0
2025-03-10,2025-03-16,2025,11,NW,North West,306,470,1.54,258,35,21,202,66.0,0
2025-03-10,2025-03-16,2025,11,NE,North East,226,318,1.41,181,30,14,137,60.6,0
2025-03-10,2025-03-16,2025,11,MID,Midlands,371,631,1.7,297,55,15,227,61.2,0
2025-03-10,2025-03-16,2025,11,SE,South East,422,637,1.51,333,48,14,271,64.2,0
2025-03-10,2025-03-16,2025,11,SW,South West,196,365,1.86,146,25,12,109,55.6,0
2025-03-10,2025-03-16,2025,11,WAL,Wales,160,340,2.12,122,23,10,89,55.6,0
2025-03-10,2025-03-16,2025,11,SCO,Scotland,211,409,1.94,155,22,10,123,58.3,0
2025-03-10,2025-03-16,2025,11,YRK,Yorkshire,277,516,1.86,225,38,12,175,63.2,0
2025-03-17,2025-03-23,2025,12,NW,North West,316,554,1.75,256,26,26,204,64.6,0
2025-03-17,2025-03-23,2025,12,NE,North East,233,502,2.15,187,31,17,139,59.7,0
2025-03-17,2025-03-23,2025,12,MID,Midlands,384,600,1.56,269,50,17,202,52.6,0
2025-03-17,2025-03-23,2025,12,SE,South East,437,740,1.69,335,70,30,235,53.8,0
2025-03-17,2025-03-23,2025,12,SW,South West,203,379,1.87,171,19,18,134,66.0,0
2025-03-17,2025-03-23,2025,12,WAL,Wales,165,343,2.08,121,25,9,87,52.7,0
2025-03-17,2025-03-23,2025,12,SCO,Scotland,218,386,1.77,177,32,13,132,60.6,0
2025-03-17,2025-03-23,2025,12,YRK,Yorkshire,286,500,1.75,241,30,11,200,69.9,0
2025-03-24,2025-03-30,2025,13,NW,North West,310,504,1.63,251,40,11,200,64.5,0
2025-03-24,2025-03-30,2025,13,NE,North East,229,432,1.89,167,33,9,125,54.6,0
2025-03-24,2025-03-30,2025,13,MID,Midlands,377,546,1.45,292,49,28,215,57.0,0
2025-03-24,2025-03-30,2025,13,SE,South East,429,688,1.6,342,72,30,240,55.9,0
2025-03-24,2025-03-30,2025,13,SW,South West,199,284,1.43,164,18,8,138,69.3,0
2025-03-24,2025-03-30,2025,13,WAL,Wales,162,295,1.82,128,21,10,97,59.9,0
2025-03-24,2025-03-30,2025,13,SCO,Scotland,214,443,2.07,174,29,9,136,63.6,0
2025-03-24,2025-03-30,2025,13,YRK,Yorkshire,281,408,1.45,218,43,19,156,55.5,0
2025-03-31,2025-04-06,2025,14,NW,North West,327,646,1.98,272,32,16,224,68.5,0
2025-03-31,2025-04-06,2025,14,NE,North East,241,374,1.55,172,21,10,141,58.5,0
2025-03-31,2025-04-06,2025,14,MID,Midlands,397,695,1.75,322,39,18,265,66.8,0
2025-03-31,2025-04-06,2025,14,SE,South East,452,963,2.13,340,35,20,285,63.1,0
2025-03-31,2025-04-06,2025,14,SW,South West,210,297,1.41,178,23,9,146,69.5,0
2025-03-31,2025-04-06,2025,14,WAL,Wales,171,361,2.11,125,25,8,92,53.8,0
2025-03-31,2025-04-06,2025,14,SCO,Scotland,226,361,1.6,191,27,8,156,69.0,0
2025-03-31,2025-04-06,2025,14,YRK,Yorkshire,296,418,1.41,241,24,11,206,69.6,0
2025-04-07,2025-04-13,2025,15,NW,North West,322,640,1.99,241,47,10,184,57.1,0
2025-04-07,2025-04-13,2025,15,NE,North East,238,338,1.42,202,30,20,152,63.9,0
2025-04-07,2025-04-13,2025,15,MID,Midlands,391,631,1.61,292,63,17,212,54.2,0
2025-04-07,2025-04-13,2025,15,SE,South East,445,911,2.05,356,62,22,272,61.1,0
2025-04-07,2025-04-13,2025,15,SW,South West,207,314,1.52,155,21,12,122,58.9,0
2025-04-07,2025-04-13,2025,15,WAL,Wales,169,296,1.75,124,18,5,101,59.8,0
2025-04-07,2025-04-13,2025,15,SCO,Scotland,222,368,1.66,164,26,9,129,58.1,0
2025-04-07,2025-04-13,2025,15,YRK,Yorkshire,291,622,2.14,215,45,16,154,52.9,0
2025-04-14,2025-04-20,2025,16,NW,North West,390,686,1.76,325,64,16,245,62.8,0
2025-04-14,2025-04-20,2025,16,NE,North East,287,501,1.75,223,39,13,171,59.6,0
2025-04-14,2025-04-20,2025,16,MID,Midlands,473,858,1.81,364,71,15,278,58.8,0
2025-04-14,2025-04-20,2025,16,SE,South East,538,1169,2.17,437,81,25,331,61.5,0
2025-04-14,2025-04-20,2025,16,SW,South West,250,460,1.84,194,31,13,150,60.0,0
2025-04-14,2025-04-20,2025,16,WAL,Wales,204,355,1.74,167,20,16,131,64.2,0
2025-04-14,2025-04-20,2025,16,SCO,Scotland,269,558,2.07,197,21,11,165,61.3,0
2025-04-14,2025-04-20,2025,16,YRK,Yorkshire,352,554,1.57,289,41,12,236,67.0,0
2025-04-21,2025-04-27,2025,17,NW,North West,309,496,1.61,262,27,23,212,68.6,0
2025-04-21,2025-04-27,2025,17,NE,North East,228,401,1.76,175,23,11,141,61.8,0
2025-04-21,2025-04-27,2025,17,MID,Midlands,375,552,1.47,314,31,28,255,68.0,0
2025-04-21,2025-04-27,2025,17,SE,South East,427,930,2.18,300,34,30,236,55.3,0
2025-04-21,2025-04-27,2025,17,SW,South West,198,395,1.99,161,30,8,123,62.1,0
2025-04-21,2025-04-27,2025,17,WAL,Wales,162,283,1.75,120,25,9,86,53.1,0
2025-04-21,2025-04-27,2025,17,SCO,Scotland,213,339,1.59,159,22,15,122,57.3,0
2025-04-21,2025-04-27,2025,17,YRK,Yorkshire,279,552,1.98,228,34,9,185,66.3,0
2025-04-28,2025-05-04,2025,18,NW,North West,320,503,1.57,243,49,12,182,56.9,0
2025-04-28,2025-05-04,2025,18,NE,North East,236,392,1.66,197,38,15,144,61.0,0
2025-04-28,2025-05-04,2025,18,MID,Midlands,389,711,1.83,299,52,24,223,57.3,0
2025-04-28,2025-05-04,2025,18,SE,South East,443,857,1.93,361,36,26,299,67.5,0
2025-04-28,2025-05-04,2025,18,SW,South West,206,333,1.62,150,28,9,113,54.9,0
2025-04-28,2025-05-04,2025,18,WAL,Wales,168,255,1.52,122,14,5,103,61.3,0
2025-04-28,2025-05-04,2025,18,SCO,Scotland,221,357,1.62,165,31,14,120,54.3,0
2025-04-28,2025-05-04,2025,18,YRK,Yorkshire,290,443,1.53,207,35,14,158,54.5,0
2025-05-05,2025-05-11,2025,19,NW,North West,362,685,1.89,266,42,17,207,57.2,0
2025-05-05,2025-05-11,2025,19,NE,North East,267,483,1.81,205,36,14,155,58.1,0
2025-05-05,2025-05-11,2025,19,MID,Midlands,440,626,1.42,364,64,29,271,61.6,0
2025-05-05,2025-05-11,2025,19,SE,South East,500,728,1.46,392,84,21,287,57.4,0
2025-05-05,2025-05-11,2025,19,SW,South West,233,433,1.86,189,34,13,142,60.9,0
2025-05-05,2025-05-11,2025,19,WAL,Wales,189,414,2.19,153,30,13,110,58.2,0
2025-05-05,2025-05-11,2025,19,SCO,Scotland,250,507,2.03,182,32,7,143,57.2,0
2025-05-05,2025-05-11,2025,19,YRK,Yorkshire,328,691,2.11,258,45,18,195,59.5,0
2025-05-12,2025-05-18,2025,20,NW,North West,325,704,2.17,228,23,14,191,58.8,0
2025-05-12,2025-05-18,2025,20,NE,North East,240,409,1.7,177,26,17,134,55.8,0
2025-05-12,2025-05-18,2025,20,MID,Midlands,395,840,2.13,331,67,28,236,59.7,0
2025-05-12,2025-05-18,2025,20,SE,South East,449,786,1.75,359,43,29,287,63.9,0
2025-05-12,2025-05-18,2025,20,SW,South West,209,367,1.76,152,21,10,121,57.9,0
2025-05-12,2025-05-18,2025,20,WAL,Wales,170,261,1.54,136,23,7,106,62.4,0
2025-05-12,2025-05-18,2025,20,SCO,Scotland,224,385,1.72,166,35,11,120,53.6,0
2025-05-12,2025-05-18,2025,20,YRK,Yorkshire,294,494,1.68,219,24,22,173,58.8,0
2025-05-19,2025-05-25,2025,21,NW,North West,396,625,1.58,326,38,25,263,66.4,0
2025-05-19,2025-05-25,2025,21,NE,North East,292,569,1.95,226,41,21,164,56.2,0
2025-05-19,2025-05-25,2025,21,MID,Midlands,481,941,1.96,364,75,14,275,57.2,0
2025-05-19,2025-05-25,2025,21,SE,South East,548,821,1.5,412,42,25,345,63.0,0
2025-05-19,2025-05-25,2025,21,SW,South West,255,377,1.48,199,30,19,150,58.8,0
2025-05-19,2025-05-25,2025,21,WAL,Wales,207,419,2.02,161,33,14,114,55.1,0
2025-05-19,2025-05-25,2025,21,SCO,Scotland,274,405,1.48,206,25,15,166,60.6,0
2025-05-19,2025-05-25,2025,21,YRK,Yorkshire,359,585,1.63,276,35,20,221,61.6,0
2025-05-26,2025-06-01,2025,22,NW,North West,369,628,1.7,262,54,15,193,52.3,0
2025-05-26,2025-06-01,2025,22,NE,North East,272,537,1.97,205,30,19,156,57.4,0
2025-05-26,2025-06-01,2025,22,MID,Midlands,448,703,1.57,340,39,26,275,61.4,0
2025-05-26,2025-06-01,2025,22,SE,South East,510,1070,2.1,386,69,30,287,56.3,0
2025-05-26,2025-06-01,2025,22,SW,South West,237,404,1.7,175,32,11,132,55.7,0
2025-05-26,2025-06-01,2025,22,WAL,Wales,193,348,1.8,141,26,8,107,55.4,0
2025-05-26,2025-06-01,2025,22,SCO,Scotland,255,478,1.87,195,41,8,146,57.3,0
2025-05-26,2025-06-01,2025,22,YRK,Yorkshire,334,563,1.69,273,45,26,202,60.5,0
2025-06-02,2025-06-08,2025,23,NW,North West,352,614,1.74,296,31,26,239,67.9,0
2025-06-02,2025-06-08,2025,23,NE,North East,260,546,2.1,192,34,14,144,55.4,0
2025-06-02,2025-06-08,2025,23,MID,Midlands,428,803,1.88,341,54,15,272,63.6,0
2025-06-02,2025-06-08,2025,23,SE,South East,487,727,1.49,358,74,26,258,53.0,0
2025-06-02,2025-06-08,2025,23,SW,South West,226,434,1.92,175,22,9,144,63.7,0
2025-06-02,2025-06-08,2025,23,WAL,Wales,184,391,2.12,132,24,9,99,53.8,0
2025-06-02,2025-06-08,2025,23,SCO,Scotland,243,419,1.72,175,22,7,146,60.1,0
2025-06-02,2025-06-08,2025,23,YRK,Yorkshire,319,611,1.92,259,46,16,197,61.8,0
2025-06-09,2025-06-15,2025,24,NW,North West,372,699,1.88,298,39,13,246,66.1,0
2025-06-09,2025-06-15,2025,24,NE,North East,274,543,1.98,218,37,12,169,61.7,0
2025-06-09,2025-06-15,2025,24,MID,Midlands,451,764,1.69,360,38,24,298,66.1,0
2025-06-09,2025-06-15,2025,24,SE,South East,513,887,1.73,364,54,22,288,56.1,0
2025-06-09,2025-06-15,2025,24,SW,South West,239,474,1.98,188,21,14,153,64.0,0
2025-06-09,2025-06-15,2025,24,WAL,Wales,194,280,1.44,154,15,11,128,66.0,0
2025-06-09,2025-06-15,2025,24,SCO,Scotland,256,444,1.73,186,36,17,133,52.0,0
2025-06-09,2025-06-15,2025,24,YRK,Yorkshire,336,484,1.44,267,35,21,211,62.8,0
2025-06-16,2025-06-22,2025,25,NW,North West,374,816,2.18,272,43,17,212,56.7,0
2025-06-16,2025-06-22,2025,25,NE,North East,276,584,2.12,233,29,10,194,70.3,0
2025-06-16,2025-06-22,2025,25,MID,Midlands,454,837,1.84,384,79,28,277,61.0,0
2025-06-16,2025-06-22,2025,25,SE,South East,517,825,1.6,385,54,27,304,58.8,0
2025-06-16,2025-06-22,2025,25,SW,South West,240,507,2.11,198,36,9,153,63.7,0
2025-06-16,2025-06-22,2025,25,WAL,Wales,196,383,1.95,150,27,14,109,55.6,0
2025-06-16,2025-06-22,2025,25,SCO,Scotland,258,536,2.08,193,37,8,148,57.4,0
2025-06-16,2025-06-22,2025,25,YRK,Yorkshire,338,628,1.86,277,59,23,195,57.7,0
2025-06-23,2025-06-29,2025,26,NW,North West,381,741,1.94,306,34,22,250,65.6,0
2025-06-23,2025-06-29,2025,26,NE,North East,281,399,1.42,233,49,21,163,58.0,0
2025-06-23,2025-06-29,2025,26,MID,Midlands,463,834,1.8,369,42,26,301,65.0,0
2025-06-23,2025-06-29,2025,26,SE,South East,526,950,1.81,420,83,26,311,59.1,0
2025-06-23,2025-06-29,2025,26,SW,South West,245,525,2.14,202,30,8,164,66.9,0
2025-06-23,2025-06-29,2025,26,WAL,Wales,199,399,2.01,152,22,10,120,60.3,0
2025-06-23,2025-06-29,2025,26,SCO,Scotland,263,463,1.76,191,40,13,138,52.5,0
2025-06-23,2025-06-29,2025,26,YRK,Yorkshire,345,637,1.85,247,43,15,189,54.8,0
2025-06-30,2025-07-06,2025,27,NW,North West,426,611,1.43,302,56,13,233,54.7,0
2025-06-30,2025-07-06,2025,27,NE,North East,314,532,1.69,257,39,18,200,63.7,0
2025-06-30,2025-07-06,2025,27,MID,Midlands,517,825,1.6,439,73,39,327,63.2,0
2025-06-30,2025-07-06,2025,27,SE,South East,588,964,1.64,460,84,36,340,57.8,0
2025-06-30,2025-07-06,2025,27,SW,South West,274,557,2.03,225,45,19,161,58.8,0
2025-06-30,2025-07-06,2025,27,WAL,Wales,223,317,1.42,159,17,12,130,58.3,0
2025-06-30,2025-07-06,2025,27,SCO,Scotland,294,506,1.72,248,33,11,204,69.4,0
2025-06-30,2025-07-06,2025,27,YRK,Yorkshire,385,647,1.68,323,55,28,240,62.3,0
2025-07-07,2025-07-13,2025,28,NW,North West,417,729,1.75,347,66,16,265,63.5,0
2025-07-07,2025-07-13,2025,28,NE,North East,308,544,1.77,249,53,22,174,56.5,0
2025-07-07,2025-07-13,2025,28,MID,Midlands,507,1031,2.03,426,57,24,345,68.0,0
2025-07-07,2025-07-13,2025,28,SE,South East,576,832,1.44,447,91,32,324,56.2,0
2025-07-07,2025-07-13,2025,28,SW,South West,268,380,1.42,226,38,17,171,63.8,0
2025-07-07,2025-07-13,2025,28,WAL,Wales,218,380,1.74,174,18,10,146,67.0,0
2025-07-07,2025-07-13,2025,28,SCO,Scotland,288,516,1.79,232,30,22,180,62.5,0
2025-07-07,2025-07-13,2025,28,YRK,Yorkshire,377,651,1.73,318,62,20,236,62.6,0
2025-07-14,2025-07-20,2025,29,NW,North West,454,726,1.6,338,50,23,265,58.4,0
2025-07-14,2025-07-20,2025,29,NE,North East,335,726,2.17,245,46,13,186,55.5,0
2025-07-14,2025-07-20,2025,29,MID,Midlands,552,1090,1.97,461,46,21,394,71.4,0
2025-07-14,2025-07-20,2025,29,SE,South East,628,1041,1.66,473,65,32,376,59.9,0
2025-07-14,2025-07-20,2025,29,SW,South West,292,584,2.0,220,25,18,177,60.6,0
2025-07-14,2025-07-20,2025,29,WAL,Wales,238,417,1.75,176,33,16,127,53.4,0
2025-07-14,2025-07-20,2025,29,SCO,Scotland,314,634,2.02,244,29,11,204,65.0,0
2025-07-14,2025-07-20,2025,29,YRK,Yorkshire,411,867,2.11,319,35,30,254,61.8,0
2025-07-21,2025-07-27,2025,30,NW,North West,418,776,1.86,311,55,14,242,57.9,0
2025-07-21,2025-07-27,2025,30,NE,North East,308,644,2.09,242,39,14,189,61.4,0
2025-07-21,2025-07-27,2025,30,MID,Midlands,508,1111,2.19,405,69,28,308,60.6,0
2025-07-21,2025-07-27,2025,30,SE,South East,578,1071,1.85,449,90,20,339,58.7,0
2025-07-21,2025-07-27,2025,30,SW,South West,269,471,1.75,207,27,18,162,60.2,0
2025-07-21,2025-07-27,2025,30,WAL,Wales,219,450,2.05,159,16,9,134,61.2,0
2025-07-21,2025-07-27,2025,30,SCO,Scotland,289,466,1.61,244,32,20,192,66.4,0
2025-07-21,2025-07-27,2025,30,YRK,Yorkshire,378,774,2.05,301,37,26,238,63.0,0
2025-07-28,2025-08-03,2025,31,NW,North West,461,775,1.68,336,66,15,255,55.3,0
2025-07-28,2025-08-03,2025,31,NE,North East,340,523,1.54,265,51,23,191,56.2,0
2025-07-28,2025-08-03,2025,31,MID,Midlands,560,1056,1.89,459,100,34,325,58.0,0
2025-07-28,2025-08-03,2025,31,SE,South East,637,1056,1.66,455,96,40,319,50.1,0
2025-07-28,2025-08-03,2025,31,SW,South West,296,422,1.43,234,46,12,176,59.5,0
2025-07-28,2025-08-03,2025,31,WAL,Wales,241,376,1.56,170,24,12,134,55.6,0
2025-07-28,2025-08-03,2025,31,SCO,Scotland,318,672,2.11,245,49,12,184,57.9,0
2025-07-28,2025-08-03,2025,31,YRK,Yorkshire,417,741,1.78,325,33,23,269,64.5,0
2025-08-04,2025-08-10,2025,32,NW,North West,468,790,1.69,351,54,33,264,56.4,0
2025-08-04,2025-08-10,2025,32,NE,North East,345,592,1.72,255,29,16,210,60.9,0
2025-08-04,2025-08-10,2025,32,MID,Midlands,568,1209,2.13,460,47,44,369,65.0,0
2025-08-04,2025-08-10,2025,32,SE,South East,646,1129,1.75,491,88,28,375,58.0,0
2025-08-04,2025-08-10,2025,32,SW,South West,301,469,1.56,213,30,20,163,54.2,0
2025-08-04,2025-08-10,2025,32,WAL,Wales,245,369,1.51,181,25,17,139,56.7,0
2025-08-04,2025-08-10,2025,32,SCO,Scotland,323,683,2.11,271,53,12,206,63.8,0
2025-08-04,2025-08-10,2025,32,YRK,Yorkshire,423,728,1.72,305,51,30,224,53.0,0
2025-08-11,2025-08-17,2025,33,NW,North West,541,953,1.76,387,50,37,300,55.5,0
2025-08-11,2025-08-17,2025,33,NE,North East,399,593,1.49,317,48,20,249,62.4,0
2025-08-11,2025-08-17,2025,33,MID,Midlands,657,1235,1.88,500,96,40,364,55.4,0
2025-08-11,2025-08-17,2025,33,SE,South East,747,1222,1.64,531,72,39,420,56.2,0
2025-08-11,2025-08-17,2025,33,SW,South West,347,599,1.73,270,32,17,221,63.7,0
2025-08-11,2025-08-17,2025,33,WAL,Wales,283,470,1.66,202,32,10,160,56.5,0
2025-08-11,2025-08-17,2025,33,SCO,Scotland,373,621,1.66,277,50,22,205,55.0,0
2025-08-11,2025-08-17,2025,33,YRK,Yorkshire,489,908,1.86,407,88,26,293,59.9,0
2025-08-18,2025-08-24,2025,34,NW,North West,475,984,2.07,342,59,21,262,55.2,0
2025-08-18,2025-08-24,2025,34,NE,North East,351,736,2.1,287,60,22,205,58.4,0
2025-08-18,2025-08-24,2025,34,MID,Midlands,577,1125,1.95,428,82,34,312,54.1,0
2025-08-18,2025-08-24,2025,34,SE,South East,656,1307,1.99,537,59,43,435,66.3,0
2025-08-18,2025-08-24,2025,34,SW,South West,305,474,1.55,246,24,16,206,67.5,0
2025-08-18,2025-08-24,2025,34,WAL,Wales,249,531,2.13,193,41,16,136,54.6,0
2025-08-18,2025-08-24,2025,34,SCO,Scotland,328,513,1.56,237,24,11,202,61.6,0
2025-08-18,2025-08-24,2025,34,YRK,Yorkshire,430,771,1.79,352,62,23,267,62.1,0
2025-08-25,2025-08-31,2025,35,NW,North West,480,748,1.56,376,57,30,289,60.2,0
2025-08-25,2025-08-31,2025,35,NE,North East,354,708,2.0,252,42,15,195,55.1,0
2025-08-25,2025-08-31,2025,35,MID,Midlands,583,843,1.45,444,44,46,354,60.7,0
2025-08-25,2025-08-31,2025,35,SE,South East,663,1209,1.82,511,89,49,373,56.3,0
2025-08-25,2025-08-31,2025,35,SW,South West,308,644,2.09,254,41,14,199,64.6,0
2025-08-25,2025-08-31,2025,35,WAL,Wales,251,409,1.63,212,39,9,164,65.3,0
2025-08-25,2025-08-31,2025,35,SCO,Scotland,331,587,1.77,248,28,13,207,62.5,0
2025-08-25,2025-08-31,2025,35,YRK,Yorkshire,434,821,1.89,339,68,18,253,58.3,0
2025-09-01,2025-09-07,2025,36,NW,North West,494,844,1.71,395,68,35,292,59.1,0
2025-09-01,2025-09-07,2025,36,NE,North East,364,532,1.46,296,61,17,218,59.9,0
2025-09-01,2025-09-07,2025,36,MID,Midlands,599,1040,1.74,473,66,32,375,62.6,0
2025-09-01,2025-09-07,2025,36,SE,South East,682,1115,1.63,577,63,51,463,67.9,0
2025-09-01,2025-09-07,2025,36,SW,South West,317,580,1.83,247,33,23,191,60.3,0
2025-09-01,2025-09-07,2025,36,WAL,Wales,258,522,2.02,195,25,10,160,62.0,0
2025-09-01,2025-09-07,2025,36,SCO,Scotland,341,601,1.76,248,42,13,193,56.6,0
2025-09-01,2025-09-07,2025,36,YRK,Yorkshire,446,867,1.94,330,54,15,261,58.5,0
2025-09-08,2025-09-14,2025,37,NW,North West,476,667,1.4,340,47,33,260,54.6,0
2025-09-08,2025-09-14,2025,37,NE,North East,351,524,1.49,256,43,12,201,57.3,0
2025-09-08,2025-09-14,2025,37,MID,Midlands,578,1270,2.2,485,56,26,403,69.7,0
2025-09-08,2025-09-14,2025,37,SE,South East,657,1089,1.66,546,62,33,451,68.6,0
2025-09-08,2025-09-14,2025,37,SW,South West,306,565,1.85,246,48,11,187,61.1,0
2025-09-08,2025-09-14,2025,37,WAL,Wales,249,349,1.4,210,28,14,168,67.5,0
2025-09-08,2025-09-14,2025,37,SCO,Scotland,328,597,1.82,244,31,14,199,60.7,0
2025-09-08,2025-09-14,2025,37,YRK,Yorkshire,430,783,1.82,353,73,22,258,60.0,0
2025-09-15,2025-09-21,2025,38,NW,North West,481,896,1.86,357,72,25,260,54.1,0
2025-09-15,2025-09-21,2025,38,NE,North East,355,520,1.46,296,53,19,224,63.1,0
2025-09-15,2025-09-21,2025,38,MID,Midlands,584,997,1.71,416,41,41,334,57.2,0
2025-09-15,2025-09-21,2025,38,SE,South East,664,1190,1.79,472,48,25,399,60.1,0
2025-09-15,2025-09-21,2025,38,SW,South West,309,597,1.93,227,41,10,176,57.0,0
2025-09-15,2025-09-21,2025,38,WAL,Wales,252,502,1.99,207,26,13,168,66.7,0
2025-09-15,2025-09-21,2025,38,SCO,Scotland,332,492,1.48,249,45,18,186,56.0,0
2025-09-15,2025-09-21,2025,38,YRK,Yorkshire,435,952,2.19,316,37,27,252,57.9,0
2025-09-22,2025-09-28,2025,39,NW,North West,487,748,1.54,375,44,27,304,62.4,0
2025-09-22,2025-09-28,2025,39,NE,North East,359,588,1.64,289,49,19,221,61.6,0
2025-09-22,2025-09-28,2025,39,MID,Midlands,591,947,1.6,485,87,32,366,61.9,0
2025-09-22,2025-09-28,2025,39,SE,South East,673,1076,1.6,492,52,42,398,59.1,0
2025-09-22,2025-09-28,2025,39,SW,South West,313,637,2.04,231,48,14,169,54.0,0
2025-09-22,2025-09-28,2025,39,WAL,Wales,255,489,1.92,199,29,11,159,62.4,0
2025-09-22,2025-09-28,2025,39,SCO,Scotland,336,519,1.54,269,50,22,197,58.6,0
2025-09-22,2025-09-28,2025,39,YRK,Yorkshire,441,768,1.74,370,76,17,277,62.8,0
2025-09-29,2025-10-05,2025,40,NW,North West,461,1008,2.19,353,67,23,263,57.0,0
2025-09-29,2025-10-05,2025,40,NE,North East,340,725,2.13,240,26,21,193,56.8,0
2025-09-29,2025-10-05,2025,40,MID,Midlands,560,799,1.43,450,89,24,337,60.2,0
2025-09-29,2025-10-05,2025,40,SE,South East,637,1046,1.64,459,64,23,372,58.4,0
2025-09-29,2025-10-05,2025,40,SW,South West,296,646,2.18,238,32,24,182,61.5,0
2025-09-29,2025-10-05,2025,40,WAL,Wales,241,458,1.9,183,24,9,150,62.2,0
2025-09-29,2025-10-05,2025,40,SCO,Scotland,318,477,1.5,224,25,18,181,56.9,0
2025-09-29,2025-10-05,2025,40,YRK,Yorkshire,417,651,1.56,295,49,24,222,53.2,0
2025-10-06,2025-10-12,2025,41,NW,North West,540,960,1.78,411,58,33,320,59.3,0
2025-10-06,2025-10-12,2025,41,NE,North East,399,844,2.12,330,45,19,266,66.7,0
2025-10-06,2025-10-12,2025,41,MID,Midlands,656,1245,1.9,477,104,40,333,50.8,0
2025-10-06,2025-10-12,2025,41,SE,South East,746,1202,1.61,598,109,55,434,58.2,0
2025-10-06,2025-10-12,2025,41,SW,South West,347,587,1.69,276,35,22,219,63.1,0
2025-10-06,2025-10-12,2025,41,WAL,Wales,283,525,1.86,213,37,16,160,56.5,0
2025-10-06,2025-10-12,2025,41,SCO,Scotland,373,567,1.52,314,57,29,228,61.1,0
2025-10-06,2025-10-12,2025,41,YRK,Yorkshire,489,907,1.85,365,41,22,302,61.8,0
2025-10-13,2025-10-19,2025,42,NW,North West,556,1049,1.89,400,69,37,294,52.9,0
2025-10-13,2025-10-19,2025,42,NE,North East,410,662,1.61,288,63,21,204,49.8,0
2025-10-13,2025-10-19,2025,42,MID,Midlands,675,1438,2.13,568,119,35,414,61.3,0
2025-10-13,2025-10-19,2025,42,SE,South East,768,1533,2.0,550,72,40,438,57.0,0
2025-10-13,2025-10-19,2025,42,SW,South West,357,674,1.89,262,55,15,192,53.8,0
2025-10-13,2025-10-19,2025,42,WAL,Wales,291,549,1.89,222,43,19,160,55.0,0
2025-10-13,2025-10-19,2025,42,SCO,Scotland,384,669,1.74,300,34,21,245,63.8,0
2025-10-13,2025-10-19,2025,42,YRK,Yorkshire,503,736,1.46,421,52,34,335,66.6,0
2025-10-20,2025-10-26,2025,43,NW,North West,494,1019,2.06,384,72,16,296,59.9,0
2025-10-20,2025-10-26,2025,43,NE,North East,364,547,1.5,282,34,29,219,60.2,0
2025-10-20,2025-10-26,2025,43,MID,Midlands,599,1039,1.73,477,83,41,353,58.9,0
2025-10-20,2025-10-26,2025,43,SE,South East,682,1289,1.89,496,50,40,406,59.5,0
2025-10-20,2025-10-26,2025,43,SW,South West,317,688,2.17,227,42,12,173,54.6,0
2025-10-20,2025-10-26,2025,43,WAL,Wales,258,440,1.71,201,32,11,158,61.2,0
2025-10-20,2025-10-26,2025,43,SCO,Scotland,341,540,1.58,272,53,17,202,59.2,0
2025-10-20,2025-10-26,2025,43,YRK,Yorkshire,446,774,1.74,372,78,33,261,58.5,0
2025-10-27,2025-11-02,2025,44,NW,North West,519,980,1.89,393,58,30,305,58.8,0
2025-10-27,2025-11-02,2025,44,NE,North East,383,700,1.83,323,64,27,232,60.6,0
2025-10-27,2025-11-02,2025,44,MID,Midlands,631,960,1.52,495,52,51,392,62.1,0
2025-10-27,2025-11-02,2025,44,SE,South East,717,1285,1.79,563,100,28,435,60.7,0
2025-10-27,2025-11-02,2025,44,SW,South West,334,715,2.14,234,28,12,194,58.1,0
2025-10-27,2025-11-02,2025,44,WAL,Wales,272,505,1.86,207,36,18,153,56.2,0
2025-10-27,2025-11-02,2025,44,SCO,Scotland,358,741,2.07,303,31,21,251,70.1,0
2025-10-27,2025-11-02,2025,44,YRK,Yorkshire,470,1019,2.17,399,41,21,337,71.7,0
2025-11-03,2025-11-09,2025,45,NW,North West,508,837,1.65,387,65,31,291,57.3,0
2025-11-03,2025-11-09,2025,45,NE,North East,375,806,2.15,283,40,24,219,58.4,0
2025-11-03,2025-11-09,2025,45,MID,Midlands,617,1344,2.18,439,85,27,327,53.0,0
2025-11-03,2025-11-09,2025,45,SE,South East,701,1101,1.57,512,100,37,375,53.5,0
2025-11-03,2025-11-09,2025,45,SW,South West,326,457,1.4,269,36,26,207,63.5,0
2025-11-03,2025-11-09,2025,45,WAL,Wales,266,572,2.15,221,35,15,171,64.3,0
2025-11-03,2025-11-09,2025,45,SCO,Scotland,350,499,1.43,279,55,18,206,58.9,0
2025-11-03,2025-11-09,2025,45,YRK,Yorkshire,459,950,2.07,349,67,23,259,56.4,0
2025-11-10,2025-11-16,2025,46,NW,North West,502,777,1.55,393,40,18,335,66.7,0
2025-11-10,2025-11-16,2025,46,NE,North East,370,651,1.76,299,49,29,221,59.7,0
2025-11-10,2025-11-16,2025,46,MID,Midlands,610,1209,1.98,490,81,46,363,59.5,0
2025-11-10,2025-11-16,2025,46,SE,South East,693,1426,2.06,551,92,32,427,61.6,0
2025-11-10,2025-11-16,2025,46,SW,South West,323,561,1.74,256,55,13,188,58.2,0
2025-11-10,2025-11-16,2025,46,WAL,Wales,263,556,2.11,195,19,12,164,62.4,0
2025-11-10,2025-11-16,2025,46,SCO,Scotland,346,754,2.18,283,32,28,223,64.5,0
2025-11-10,2025-11-16,2025,46,YRK,Yorkshire,454,763,1.68,355,36,31,288,63.4,0
2025-11-17,2025-11-23,2025,47,NW,North West,449,694,1.55,341,52,26,263,58.6,0
2025-11-17,2025-11-23,2025,47,NE,North East,331,547,1.65,251,36,16,199,60.1,0
2025-11-17,2025-11-23,2025,47,MID,Midlands,546,787,1.44,425,92,31,302,55.3,0
2025-11-17,2025-11-23,2025,47,SE,South East,621,1067,1.72,471,53,39,379,61.0,0
2025-11-17,2025-11-23,2025,47,SW,South West,289,492,1.7,239,45,13,181,62.6,0
2025-11-17,2025-11-23,2025,47,WAL,Wales,235,336,1.43,165,34,11,120,51.1,0
2025-11-17,2025-11-23,2025,47,SCO,Scotland,310,491,1.58,259,39,22,198,63.9,0
2025-11-17,2025-11-23,2025,47,YRK,Yorkshire,406,678,1.67,341,36,21,284,70.0,0
2025-11-24,2025-11-30,2025,48,NW,North West,471,747,1.59,362,40,36,286,60.7,0
2025-11-24,2025-11-30,2025,48,NE,North East,347,515,1.48,252,32,16,204,58.8,0
2025-11-24,2025-11-30,2025,48,MID,Midlands,571,1240,2.17,413,47,42,324,56.7,0
2025-11-24,2025-11-30,2025,48,SE,South East,650,1299,2.0,483,77,21,385,59.2,0
2025-11-24,2025-11-30,2025,48,SW,South West,302,462,1.53,238,42,16,180,59.6,0
2025-11-24,2025-11-30,2025,48,WAL,Wales,246,375,1.52,186,20,15,151,61.4,0
2025-11-24,2025-11-30,2025,48,SCO,Scotland,325,470,1.45,266,52,11,203,62.5,0
2025-11-24,2025-11-30,2025,48,YRK,Yorkshire,426,894,2.1,337,49,34,254,59.6,0
2025-12-01,2025-12-07,2025,49,NW,North West,439,810,1.85,353,38,24,291,66.3,0
2025-12-01,2025-12-07,2025,49,NE,North East,324,482,1.49,239,48,15,176,54.3,0
2025-12-01,2025-12-07,2025,49,MID,Midlands,533,977,1.83,440,94,18,328,61.5,0
2025-12-01,2025-12-07,2025,49,SE,South East,606,1058,1.75,466,83,22,361,59.6,0
2025-12-01,2025-12-07,2025,49,SW,South West,282,481,1.71,212,37,18,157,55.7,0
2025-12-01,2025-12-07,2025,49,WAL,Wales,230,377,1.64,173,34,9,130,56.5,0
2025-12-01,2025-12-07,2025,49,SCO,Scotland,303,610,2.01,220,34,10,176,58.1,0
2025-12-01,2025-12-07,2025,49,YRK,Yorkshire,397,843,2.12,317,31,26,260,65.5,0
2025-12-08,2025-12-14,2025,50,NW,North West,431,877,2.03,315,58,22,235,54.5,0
2025-12-08,2025-12-14,2025,50,NE,North East,318,521,1.64,243,37,20,186,58.5,0
2025-12-08,2025-12-14,2025,50,MID,Midlands,523,1057,2.02,388,67,32,289,55.3,0
2025-12-08,2025-12-14,2025,50,SE,South East,595,1050,1.76,428,71,19,338,56.8,0
2025-12-08,2025-12-14,2025,50,SW,South West,277,514,1.86,203,38,11,154,55.6,0
2025-12-08,2025-12-14,2025,50,WAL,Wales,225,397,1.76,179,27,17,135,60.0,0
2025-12-08,2025-12-14,2025,50,SCO,Scotland,297,453,1.53,226,24,19,183,61.6,0
2025-12-08,2025-12-14,2025,50,YRK,Yorkshire,390,562,1.44,306,61,29,216,55.4,0
2025-12-15,2025-12-21,2025,51,NW,North West,470,662,1.41,353,68,22,263,56.0,0
2025-12-15,2025-12-21,2025,51,NE,North East,347,741,2.14,289,57,13,219,63.1,0
2025-12-15,2025-12-21,2025,51,MID,Midlands,571,969,1.7,465,84,19,362,63.4,0
2025-12-15,2025-12-21,2025,51,SE,South East,649,1102,1.7,538,59,42,437,67.3,0
2025-12-15,2025-12-21,2025,51,SW,South West,302,651,2.16,218,42,17,159,52.6,0
2025-12-15,2025-12-21,2025,51,WAL,Wales,246,368,1.5,186,32,15,139,56.5,0
2025-12-15,2025-12-21,2025,51,SCO,Scotland,324,556,1.72,258,48,23,187,57.7,0
2025-12-15,2025-12-21,2025,51,YRK,Yorkshire,425,644,1.52,358,65,16,277,65.2,0
2025-12-22,2025-12-28,2025,52,NW,North West,410,696,1.7,311,45,16,250,61.0,0
2025-12-22,2025-12-28,2025,52,NE,North East,303,434,1.43,222,33,16,173,57.1,0
2025-12-22,2025-12-28,2025,52,MID,Midlands,498,936,1.88,395,86,25,284,57.0,0
2025-12-22,2025-12-28,2025,52,SE,South East,567,1211,2.14,415,77,35,303,53.4,0
2025-12-22,2025-12-28,2025,52,SW,South West,264,563,2.13,205,36,20,149,56.4,0
2025-12-22,2025-12-28,2025,52,WAL,Wales,215,354,1.65,175,35,13,127,59.1,0
2025-12-22,2025-12-28,2025,52,SCO,Scotland,283,572,2.02,219,30,12,177,62.5,0
2025-12-22,2025-12-28,2025,52,YRK,Yorkshire,371,781,2.11,306,52,21,233,62.8,0
2025-12-29,2026-01-04,2025,1,NW,North West,464,881,1.9,328,46,31,251,54.1,0
2025-12-29,2026-01-04,2025,1,NE,North East,343,647,1.89,267,47,17,203,59.2,0
2025-12-29,2026-01-04,2025,1,MID,Midlands,564,913,1.62,436,69,18,349,61.9,0
2025-12-29,2026-01-04,2025,1,SE,South East,642,1318,2.05,475,86,32,357,55.6,0
2025-12-29,2026-01-04,2025,1,SW,South West,298,587,1.97,238,39,20,179,60.1,0
2025-12-29,2026-01-04,2025,1,WAL,Wales,243,520,2.14,171,30,10,131,53.9,0
2025-12-29,2026-01-04,2025,1,SCO,Scotland,321,542,1.69,263,39,25,199,62.0,0
2025-12-29,2026-01-04,2025,1,YRK,Yorkshire,420,852,2.03,317,64,25,228,54.3,0
2026-01-05,2026-01-11,2026,2,NW,North West,416,754,1.81,345,61,26,258,62.0,1
2026-01-05,2026-01-11,2026,2,NE,North East,307,619,2.02,256,48,13,195,63.5,1
2026-01-05,2026-01-11,2026,2,MID,Midlands,505,922,1.83,417,76,33,308,61.0,1
2026-01-05,2026-01-11,2026,2,SE,South East,575,824,1.43,442,74,26,342,59.5,1
2026-01-05,2026-01-11,2026,2,SW,South West,267,377,1.41,209,25,9,175,65.5,1
2026-01-05,2026-01-11,2026,2,WAL,Wales,218,387,1.78,180,32,16,132,60.6,1
2026-01-05,2026-01-11,2026,2,SCO,Scotland,287,436,1.52,232,31,15,186,64.8,1
2026-01-05,2026-01-11,2026,2,YRK,Yorkshire,376,569,1.51,266,53,21,192,51.1,1
2026-01-12,2026-01-18,2026,3,NW,North West,407,821,2.02,330,69,18,243,59.7,1
2026-01-12,2026-01-18,2026,3,NE,North East,300,434,1.45,243,49,20,174,58.0,1
2026-01-12,2026-01-18,2026,3,MID,Midlands,494,1081,2.19,409,73,40,296,59.9,1
2026-01-12,2026-01-18,2026,3,SE,South East,562,1043,1.86,424,70,28,326,58.0,1
2026-01-12,2026-01-18,2026,3,SW,South West,261,373,1.43,187,31,8,148,56.7,1
2026-01-12,2026-01-18,2026,3,WAL,Wales,213,456,2.14,151,23,7,121,56.8,1
2026-01-12,2026-01-18,2026,3,SCO,Scotland,281,492,1.75,205,27,10,168,59.8,1
2026-01-12,2026-01-18,2026,3,YRK,Yorkshire,368,639,1.74,300,36,14,250,67.9,1
2026-01-19,2026-01-25,2026,4,NW,North West,376,776,2.06,270,44,17,209,55.6,1
2026-01-19,2026-01-25,2026,4,NE,North East,277,528,1.91,230,37,18,175,63.2,1
2026-01-19,2026-01-25,2026,4,MID,Midlands,456,909,1.99,349,72,16,261,57.2,1
2026-01-19,2026-01-25,2026,4,SE,South East,519,938,1.81,364,63,33,268,51.6,1
2026-01-19,2026-01-25,2026,4,SW,South West,241,363,1.51,195,41,14,140,58.1,1
2026-01-19,2026-01-25,2026,4,WAL,Wales,197,396,2.01,155,19,7,129,65.5,1
2026-01-19,2026-01-25,2026,4,SCO,Scotland,259,410,1.58,218,29,20,169,65.3,1
2026-01-19,2026-01-25,2026,4,YRK,Yorkshire,340,498,1.46,247,25,21,201,59.1,1
2026-01-26,2026-02-01,2026,5,NW,North West,386,574,1.49,322,60,20,242,62.7,1
2026-01-26,2026-02-01,2026,5,NE,North East,285,517,1.81,215,36,16,163,57.2,1
2026-01-26,2026-02-01,2026,5,MID,Midlands,469,1021,2.18,382,46,35,301,64.2,1
2026-01-26,2026-02-01,2026,5,SE,South East,534,1059,1.98,387,82,30,275,51.5,1
2026-01-26,2026-02-01,2026,5,SW,South West,248,431,1.74,206,34,20,152,61.3,1
2026-01-26,2026-02-01,2026,5,WAL,Wales,202,381,1.89,164,25,13,126,62.4,1
2026-01-26,2026-02-01,2026,5,SCO,Scotland,267,377,1.41,216,30,15,171,64.0,1
2026-01-26,2026-02-01,2026,5,YRK,Yorkshire,350,490,1.4,277,43,25,209,59.7,1
2026-02-02,2026-02-08,2026,6,NW,North West,370,730,1.97,275,41,17,217,58.6,1
2026-02-02,2026-02-08,2026,6,NE,North East,273,507,1.86,192,35,17,140,51.3,1
2026-02-02,2026-02-08,2026,6,MID,Midlands,450,961,2.14,317,52,25,240,53.3,1
2026-02-02,2026-02-08,2026,6,SE,South East,511,779,1.52,391,70,31,290,56.8,1
2026-02-02,2026-02-08,2026,6,SW,South West,238,394,1.66,170,21,14,135,56.7,1
2026-02-02,2026-02-08,2026,6,WAL,Wales,194,335,1.73,163,19,10,134,69.1,1
2026-02-02,2026-02-08,2026,6,SCO,Scotland,255,451,1.77,206,29,16,161,63.1,1
2026-02-02,2026-02-08,2026,6,YRK,Yorkshire,335,578,1.73,266,50,11,205,61.2,1
2026-02-09,2026-02-15,2026,7,NW,North West,398,714,1.79,311,37,22,252,63.3,1
2026-02-09,2026-02-15,2026,7,NE,North East,294,553,1.88,241,34,12,195,66.3,1
2026-02-09,2026-02-15,2026,7,MID,Midlands,484,830,1.71,380,71,20,289,59.7,1
2026-02-09,2026-02-15,2026,7,SE,South East,550,1062,1.93,385,61,28,296,53.8,1
2026-02-09,2026-02-15,2026,7,SW,South West,256,509,1.99,196,39,17,140,54.7,1
2026-02-09,2026-02-15,2026,7,WAL,Wales,208,355,1.71,148,21,11,116,55.8,1
2026-02-09,2026-02-15,2026,7,SCO,Scotland,275,586,2.13,194,32,17,145,52.7,1
2026-02-09,2026-02-15,2026,7,YRK,Yorkshire,360,757,2.1,296,35,23,238,66.1,1
2026-02-16,2026-02-22,2026,8,NW,North West,363,744,2.05,255,26,22,207,57.0,1
2026-02-16,2026-02-22,2026,8,NE,North East,268,377,1.41,190,40,8,142,53.0,1
2026-02-16,2026-02-22,2026,8,MID,Midlands,441,881,2.0,341,72,15,254,57.6,1
2026-02-16,2026-02-22,2026,8,SE,South East,501,826,1.65,420,67,41,312,62.3,1
2026-02-16,2026-02-22,2026,8,SW,South West,233,463,1.99,163,34,8,121,51.9,1
2026-02-16,2026-02-22,2026,8,WAL,Wales,190,336,1.77,150,32,9,109,57.4,1
2026-02-16,2026-02-22,2026,8,SCO,Scotland,250,463,1.85,206,37,14,155,62.0,1
2026-02-16,2026-02-22,2026,8,YRK,Yorkshire,328,521,1.59,261,37,24,200,61.0,1
2026-02-23,2026-03-01,2026,9,NW,North West,347,580,1.67,261,50,24,187,53.9,1
2026-02-23,2026-03-01,2026,9,NE,North East,256,387,1.51,197,31,15,151,59.0,1
2026-02-23,2026-03-01,2026,9,MID,Midlands,421,861,2.05,326,55,19,252,59.9,1
2026-02-23,2026-03-01,2026,9,SE,South East,479,830,1.73,403,60,33,310,64.7,1
2026-02-23,2026-03-01,2026,9,SW,South West,223,471,2.11,171,19,14,138,61.9,1
2026-02-23,2026-03-01,2026,9,WAL,Wales,181,299,1.65,145,25,8,112,61.9,1
2026-02-23,2026-03-01,2026,9,SCO,Scotland,239,504,2.11,169,27,9,133,55.6,1
2026-02-23,2026-03-01,2026,9,YRK,Yorkshire,314,662,2.11,233,28,11,194,61.8,1
2026-03-02,2026-03-08,2026,10,NW,North West,337,561,1.66,267,28,22,217,64.4,1
2026-03-02,2026-03-08,2026,10,NE,North East,248,400,1.61,175,19,12,144,58.1,1
2026-03-02,2026-03-08,2026,10,MID,Midlands,409,857,2.1,347,71,27,249,60.9,1
2026-03-02,2026-03-08,2026,10,SE,South East,465,975,2.1,334,35,27,272,58.5,1
2026-03-02,2026-03-08,2026,10,SW,South West,216,458,2.12,166,32,15,119,55.1,1
2026-03-02,2026-03-08,2026,10,WAL,Wales,176,310,1.76,136,25,5,106,60.2,1
2026-03-02,2026-03-08,2026,10,SCO,Scotland,232,345,1.49,187,29,8,150,64.7,1
2026-03-02,2026-03-08,2026,10,YRK,Yorkshire,304,428,1.41,258,32,15,211,69.4,1
2026-03-09,2026-03-15,2026,11,NW,North West,352,756,2.15,265,29,16,220,62.5,1
2026-03-09,2026-03-15,2026,11,NE,North East,259,384,1.48,215,23,12,180,69.5,1
2026-03-09,2026-03-15,2026,11,MID,Midlands,427,865,2.03,304,50,14,240,56.2,1
2026-03-09,2026-03-15,2026,11,SE,South East,486,951,1.96,371,48,31,292,60.1,1
2026-03-09,2026-03-15,2026,11,SW,South West,226,467,2.07,161,22,13,126,55.8,1
2026-03-09,2026-03-15,2026,11,WAL,Wales,184,383,2.08,135,17,13,105,57.1,1
2026-03-09,2026-03-15,2026,11,SCO,Scotland,243,355,1.46,180,28,18,134,55.1,1
2026-03-09,2026-03-15,2026,11,YRK,Yorkshire,318,520,1.64,269,50,20,199,62.6,1
2026-03-16,2026-03-22,2026,12,NW,North West,349,607,1.74,251,53,16,182,52.1,1
2026-03-16,2026-03-22,2026,12,NE,North East,258,477,1.85,190,41,8,141,54.7,1
2026-03-16,2026-03-22,2026,12,MID,Midlands,424,871,2.05,342,40,32,270,63.7,1
2026-03-16,2026-03-22,2026,12,SE,South East,482,1015,2.11,398,51,38,309,64.1,1
2026-03-16,2026-03-22,2026,12,SW,South West,224,459,2.05,157,23,14,120,53.6,1
2026-03-16,2026-03-22,2026,12,WAL,Wales,183,289,1.58,130,22,9,99,54.1,1
2026-03-16,2026-03-22,2026,12,SCO,Scotland,241,430,1.78,186,21,13,152,63.1,1
2026-03-16,2026-03-22,2026,12,YRK,Yorkshire,316,605,1.91,232,27,20,185,58.5,1
2026-03-23,2026-03-29,2026,13,NW,North West,310,499,1.61,245,49,21,175,56.5,1
2026-03-23,2026-03-29,2026,13,NE,North East,229,398,1.74,194,30,14,150,65.5,1
2026-03-23,2026-03-29,2026,13,MID,Midlands,377,626,1.66,301,58,22,221,58.6,1
2026-03-23,2026-03-29,2026,13,SE,South East,429,604,1.41,314,56,29,229,53.4,1
2026-03-23,2026-03-29,2026,13,SW,South West,199,428,2.15,151,25,11,115,57.8,1
2026-03-23,2026-03-29,2026,13,WAL,Wales,162,339,2.09,116,11,7,98,60.5,1
2026-03-23,2026-03-29,2026,13,SCO,Scotland,214,320,1.5,167,17,14,136,63.6,1
2026-03-23,2026-03-29,2026,13,YRK,Yorkshire,281,577,2.05,204,36,10,158,56.2,1
2026-03-30,2026-04-05,2026,14,NW,North West,343,536,1.56,269,53,17,199,58.0,1
2026-03-30,2026-04-05,2026,14,NE,North East,253,468,1.85,181,20,10,151,59.7,1
2026-03-30,2026-04-05,2026,14,MID,Midlands,416,881,2.12,341,72,27,242,58.2,1
2026-03-30,2026-04-05,2026,14,SE,South East,474,1015,2.14,394,53,19,322,67.9,1
2026-03-30,2026-04-05,2026,14,SW,South West,220,363,1.65,184,31,17,136,61.8,1
2026-03-30,2026-04-05,2026,14,WAL,Wales,179,333,1.86,126,23,9,94,52.5,1
2026-03-30,2026-04-05,2026,14,SCO,Scotland,237,361,1.52,172,37,12,123,51.9,1
2026-03-30,2026-04-05,2026,14,YRK,Yorkshire,310,512,1.65,227,28,12,187,60.3,1
2026-04-06,2026-04-12,2026,15,NW,North West,330,513,1.55,260,28,25,207,62.7,1
2026-04-06,2026-04-12,2026,15,NE,North East,243,434,1.79,194,40,18,136,56.0,1
2026-04-06,2026-04-12,2026,15,MID,Midlands,400,771,1.93,280,53,13,214,53.5,1
2026-04-06,2026-04-12,2026,15,SE,South East,455,639,1.4,354,57,16,281,61.8,1
2026-04-06,2026-04-12,2026,15,SW,South West,212,393,1.85,172,33,8,131,61.8,1
2026-04-06,2026-04-12,2026,15,WAL,Wales,172,299,1.74,126,25,9,92,53.5,1
2026-04-06,2026-04-12,2026,15,SCO,Scotland,227,471,2.07,181,31,13,137,60.4,1
2026-04-06,2026-04-12,2026,15,YRK,Yorkshire,298,539,1.81,244,28,24,192,64.4,1
2026-04-13,2026-04-19,2026,16,NW,North West,374,795,2.13,298,58,20,220,58.8,1
2026-04-13,2026-04-19,2026,16,NE,North East,276,463,1.68,221,28,22,171,62.0,1
2026-04-13,2026-04-19,2026,16,MID,Midlands,455,998,2.19,326,62,23,241,53.0,1
2026-04-13,2026-04-19,2026,16,SE,South East,517,776,1.5,397,57,26,314,60.7,1
2026-04-13,2026-04-19,2026,16,SW,South West,241,488,2.02,171,28,16,127,52.7,1
2026-04-13,2026-04-19,2026,16,WAL,Wales,196,381,1.94,141,17,14,110,56.1,1
2026-04-13,2026-04-19,2026,16,SCO,Scotland,258,361,1.4,185,30,11,144,55.8,1
2026-04-13,2026-04-19,2026,16,YRK,Yorkshire,339,612,1.81,264,31,19,214,63.1,1
2026-04-20,2026-04-26,2026,17,NW,North West,360,705,1.96,292,35,18,239,66.4,1
2026-04-20,2026-04-26,2026,17,NE,North East,266,542,2.04,225,28,19,178,66.9,1
2026-04-20,2026-04-26,2026,17,MID,Midlands,437,892,2.04,371,48,28,295,67.5,1
2026-04-20,2026-04-26,2026,17,SE,South East,497,756,1.52,411,61,35,315,63.4,1
2026-04-20,2026-04-26,2026,17,SW,South West,231,346,1.5,192,38,15,139,60.2,1
2026-04-20,2026-04-26,2026,17,WAL,Wales,188,361,1.92,147,22,9,116,61.7,1
2026-04-20,2026-04-26,2026,17,SCO,Scotland,248,406,1.64,195,41,13,141,56.9,1
2026-04-20,2026-04-26,2026,17,YRK,Yorkshire,326,610,1.87,235,40,10,185,56.7,1
2026-04-27,2026-05-03,2026,18,NW,North West,350,590,1.69,285,31,27,227,64.9,1
2026-04-27,2026-05-03,2026,18,NE,North East,258,475,1.84,210,38,17,155,60.1,1
2026-04-27,2026-05-03,2026,18,MID,Midlands,425,892,2.1,338,63,14,261,61.4,1
2026-04-27,2026-05-03,2026,18,SE,South East,483,907,1.88,338,34,19,285,59.0,1
2026-04-27,2026-05-03,2026,18,SW,South West,225,327,1.45,179,29,15,135,60.0,1
2026-04-27,2026-05-03,2026,18,WAL,Wales,183,366,2.0,128,19,10,99,54.1,1
2026-04-27,2026-05-03,2026,18,SCO,Scotland,241,422,1.75,194,27,9,158,65.6,1
2026-04-27,2026-05-03,2026,18,YRK,Yorkshire,316,613,1.94,249,44,16,189,59.8,1
2026-05-04,2026-05-10,2026,19,NW,North West,342,577,1.69,284,56,17,211,61.7,1
2026-05-04,2026-05-10,2026,19,NE,North East,252,497,1.97,191,20,11,160,63.5,1
2026-05-04,2026-05-10,2026,19,MID,Midlands,415,856,2.06,322,39,20,263,63.4,1
2026-05-04,2026-05-10,2026,19,SE,South East,472,910,1.93,380,57,33,290,61.4,1
2026-05-04,2026-05-10,2026,19,SW,South West,220,371,1.69,180,32,17,131,59.5,1
2026-05-04,2026-05-10,2026,19,WAL,Wales,179,370,2.07,142,29,8,105,58.7,1
2026-05-04,2026-05-10,2026,19,SCO,Scotland,236,442,1.87,181,22,11,148,62.7,1
2026-05-04,2026-05-10,2026,19,YRK,Yorkshire,309,619,2.0,240,51,11,178,57.6,1
2026-05-11,2026-05-17,2026,20,NW,North West,334,504,1.51,240,35,11,194,58.1,1
2026-05-11,2026-05-17,2026,20,NE,North East,246,496,2.02,194,22,17,155,63.0,1
2026-05-11,2026-05-17,2026,20,MID,Midlands,405,648,1.6,328,56,19,253,62.5,1
2026-05-11,2026-05-17,2026,20,SE,South East,461,982,2.13,390,47,32,311,67.5,1
2026-05-11,2026-05-17,2026,20,SW,South West,214,340,1.59,156,24,14,118,55.1,1
2026-05-11,2026-05-17,2026,20,WAL,Wales,175,256,1.46,148,20,8,120,68.6,1
2026-05-11,2026-05-17,2026,20,SCO,Scotland,230,482,2.1,164,22,16,126,54.8,1
2026-05-11,2026-05-17,2026,20,YRK,Yorkshire,302,435,1.44,246,51,12,183,60.6,1
2026-05-18,2026-05-24,2026,21,NW,North West,348,740,2.13,287,44,22,221,63.5,1
2026-05-18,2026-05-24,2026,21,NE,North East,256,425,1.66,212,41,15,156,60.9,1
2026-05-18,2026-05-24,2026,21,MID,Midlands,422,597,1.41,335,45,14,276,65.4,1
2026-05-18,2026-05-24,2026,21,SE,South East,480,989,2.06,374,41,39,294,61.3,1
2026-05-18,2026-05-24,2026,21,SW,South West,223,436,1.96,175,19,13,143,64.1,1
2026-05-18,2026-05-24,2026,21,WAL,Wales,182,287,1.58,145,26,10,109,59.9,1
2026-05-18,2026-05-24,2026,21,SCO,Scotland,240,489,2.04,198,28,17,153,63.7,1
2026-05-18,2026-05-24,2026,21,YRK,Yorkshire,314,463,1.47,226,22,16,188,59.9,1
2026-05-25,2026-05-31,2026,22,NW,North West,356,657,1.85,269,36,20,213,59.8,1
2026-05-25,2026-05-31,2026,22,NE,North East,263,534,2.03,198,37,12,149,56.7,1
2026-05-25,2026-05-31,2026,22,MID,Midlands,433,844,1.95,321,66,23,232,53.6,1
2026-05-25,2026-05-31,2026,22,SE,South East,492,1021,2.08,358,66,24,268,54.5,1
2026-05-25,2026-05-31,2026,22,SW,South West,229,339,1.48,177,35,8,134,58.5,1
2026-05-25,2026-05-31,2026,22,WAL,Wales,186,269,1.45,141,29,13,99,53.2,1
2026-05-25,2026-05-31,2026,22,SCO,Scotland,246,469,1.91,199,43,16,140,56.9,1
2026-05-25,2026-05-31,2026,22,YRK,Yorkshire,322,609,1.89,246,25,16,205,63.7,1
2026-06-01,2026-06-07,2026,23,NW,North West,390,850,2.18,288,35,26,227,58.2,1
2026-06-01,2026-06-07,2026,23,NE,North East,288,571,1.98,209,44,17,148,51.4,1
2026-06-01,2026-06-07,2026,23,MID,Midlands,474,703,1.48,356,75,19,262,55.3,1
2026-06-01,2026-06-07,2026,23,SE,South East,539,786,1.46,407,44,38,325,60.3,1
2026-06-01,2026-06-07,2026,23,SW,South West,251,550,2.19,206,21,9,176,70.1,1
2026-06-01,2026-06-07,2026,23,WAL,Wales,204,400,1.96,173,27,17,129,63.2,1
2026-06-01,2026-06-07,2026,23,SCO,Scotland,269,457,1.7,191,31,12,148,55.0,1
2026-06-01,2026-06-07,2026,23,YRK,Yorkshire,353,632,1.79,262,45,15,202,57.2,1
2026-06-08,2026-06-14,2026,24,NW,North West,360,576,1.6,300,52,20,228,63.3,1
2026-06-08,2026-06-14,2026,24,NE,North East,266,582,2.19,213,34,11,168,63.2,1
2026-06-08,2026-06-14,2026,24,MID,Midlands,438,809,1.85,358,76,21,261,59.6,1
2026-06-08,2026-06-14,2026,24,SE,South East,498,897,1.8,383,78,34,271,54.4,1
2026-06-08,2026-06-14,2026,24,SW,South West,232,365,1.57,194,22,18,154,66.4,1
2026-06-08,2026-06-14,2026,24,WAL,Wales,189,268,1.42,147,24,10,113,59.8,1
2026-06-08,2026-06-14,2026,24,SCO,Scotland,249,348,1.4,187,23,12,152,61.0,1
2026-06-08,2026-06-14,2026,24,YRK,Yorkshire,326,464,1.42,260,30,13,217,66.6,1
2026-06-15,2026-06-21,2026,25,NW,North West,409,885,2.16,313,60,29,224,54.8,1
2026-06-15,2026-06-21,2026,25,NE,North East,301,471,1.56,245,27,16,202,67.1,1
2026-06-15,2026-06-21,2026,25,MID,Midlands,496,966,1.95,365,38,24,303,61.1,1
2026-06-15,2026-06-21,2026,25,SE,South East,564,1076,1.91,467,88,21,358,63.5,1
2026-06-15,2026-06-21,2026,25,SW,South West,262,498,1.9,213,45,16,152,58.0,1
2026-06-15,2026-06-21,2026,25,WAL,Wales,214,417,1.95,164,33,14,117,54.7,1
2026-06-15,2026-06-21,2026,25,SCO,Scotland,282,505,1.79,197,26,13,158,56.0,1
2026-06-15,2026-06-21,2026,25,YRK,Yorkshire,370,740,2.0,293,42,15,236,63.8,1
2026-06-22,2026-06-28,2026,26,NW,North West,433,736,1.7,365,73,23,269,62.1,1
2026-06-22,2026-06-28,2026,26,NE,North East,320,474,1.48,262,32,15,215,67.2,1
2026-06-22,2026-06-28,2026,26,MID,Midlands,526,1150,2.19,388,67,21,300,57.0,1
2026-06-22,2026-06-28,2026,26,SE,South East,598,1224,2.05,430,57,42,331,55.4,1
2026-06-22,2026-06-28,2026,26,SW,South West,278,464,1.67,236,49,16,171,61.5,1
2026-06-22,2026-06-28,2026,26,WAL,Wales,227,318,1.4,179,32,10,137,60.4,1
2026-06-22,2026-06-28,2026,26,SCO,Scotland,299,445,1.49,253,26,19,208,69.6,1
2026-06-22,2026-06-28,2026,26,YRK,Yorkshire,392,696,1.78,276,50,20,206,52.6,1
2026-06-29,2026-07-05,2026,27,NW,North West,458,811,1.77,353,39,18,296,64.6,1
2026-06-29,2026-07-05,2026,27,NE,North East,338,501,1.48,285,36,18,231,68.3,1
2026-06-29,2026-07-05,2026,27,MID,Midlands,556,1118,2.01,428,67,28,333,59.9,1
2026-06-29,2026-07-05,2026,27,SE,South East,632,976,1.54,484,60,25,399,63.1,1
2026-06-29,2026-07-05,2026,27,SW,South West,294,538,1.83,219,34,11,174,59.2,1
2026-06-29,2026-07-05,2026,27,WAL,Wales,240,366,1.52,187,40,15,132,55.0,1
2026-06-29,2026-07-05,2026,27,SCO,Scotland,316,556,1.76,221,38,17,166,52.5,1
2026-06-29,2026-07-05,2026,27,YRK,Yorkshire,414,817,1.97,304,50,16,238,57.5,1
2026-07-06,2026-07-12,2026,28,NW,North West,432,875,2.03,358,65,22,271,62.7,1
2026-07-06,2026-07-12,2026,28,NE,North East,318,622,1.96,245,27,16,202,63.5,1
2026-07-06,2026-07-12,2026,28,MID,Midlands,524,983,1.88,380,46,37,297,56.7,1
2026-07-06,2026-07-12,2026,28,SE,South East,596,975,1.64,459,87,31,341,57.2,1
2026-07-06,2026-07-12,2026,28,SW,South West,277,563,2.03,234,29,21,184,66.4,1
2026-07-06,2026-07-12,2026,28,WAL,Wales,226,457,2.02,176,22,14,140,61.9,1
2026-07-06,2026-07-12,2026,28,SCO,Scotland,298,527,1.77,212,21,21,170,57.0,1
2026-07-06,2026-07-12,2026,28,YRK,Yorkshire,391,554,1.42,286,38,29,219,56.0,1
2026-07-13,2026-07-19,2026,29,NW,North West,492,839,1.71,369,65,15,289,58.7,1
2026-07-13,2026-07-19,2026,29,NE,North East,363,558,1.54,279,33,25,221,60.9,1
2026-07-13,2026-07-19,2026,29,MID,Midlands,598,946,1.58,473,98,29,346,57.9,1
2026-07-13,2026-07-19,2026,29,SE,South East,680,1273,1.87,562,113,30,419,61.6,1
2026-07-13,2026-07-19,2026,29,SW,South West,316,507,1.6,256,47,21,188,59.5,1
2026-07-13,2026-07-19,2026,29,WAL,Wales,258,552,2.14,219,30,20,169,65.5,1
2026-07-13,2026-07-19,2026,29,SCO,Scotland,340,503,1.48,288,36,19,233,68.5,1
2026-07-13,2026-07-19,2026,29,YRK,Yorkshire,445,973,2.19,347,37,20,290,65.2,1
2026-07-20,2026-07-26,2026,30,NW,North West,471,775,1.65,347,63,25,259,55.0,1
2026-07-20,2026-07-26,2026,30,NE,North East,347,660,1.9,283,38,22,223,64.3,1
2026-07-20,2026-07-26,2026,30,MID,Midlands,571,878,1.54,463,47,33,383,67.1,1
2026-07-20,2026-07-26,2026,30,SE,South East,650,1177,1.81,511,71,51,389,59.8,1
2026-07-20,2026-07-26,2026,30,SW,South West,302,550,1.82,225,22,12,191,63.2,1
2026-07-20,2026-07-26,2026,30,WAL,Wales,246,347,1.41,196,34,14,148,60.2,1
2026-07-20,2026-07-26,2026,30,SCO,Scotland,325,488,1.5,270,42,23,205,63.1,1
2026-07-20,2026-07-26,2026,30,YRK,Yorkshire,426,686,1.61,304,66,23,215,50.5,1
2026-07-27,2026-08-02,2026,31,NW,North West,431,922,2.14,321,57,25,239,55.5,1
2026-07-27,2026-08-02,2026,31,NE,North East,318,678,2.13,251,31,13,207,65.1,1
2026-07-27,2026-08-02,2026,31,MID,Midlands,524,1116,2.13,389,52,38,299,57.1,1
2026-07-27,2026-08-02,2026,31,SE,South East,596,1194,2.0,446,57,42,347,58.2,1
2026-07-27,2026-08-02,2026,31,SW,South West,277,477,1.72,196,26,10,160,57.8,1
2026-07-27,2026-08-02,2026,31,WAL,Wales,226,395,1.75,175,29,11,135,59.7,1
2026-07-27,2026-08-02,2026,31,SCO,Scotland,298,551,1.85,211,34,10,167,56.0,1
2026-07-27,2026-08-02,2026,31,YRK,Yorkshire,390,591,1.52,307,55,20,232,59.5,1
2026-08-03,2026-08-09,2026,32,NW,North West,522,826,1.58,391,41,41,309,59.2,1
2026-08-03,2026-08-09,2026,32,NE,North East,385,778,2.02,289,57,17,215,55.8,1
2026-08-03,2026-08-09,2026,32,MID,Midlands,633,1187,1.88,482,55,23,404,63.8,1
2026-08-03,2026-08-09,2026,32,SE,South East,720,1354,1.88,565,88,33,444,61.7,1
2026-08-03,2026-08-09,2026,32,SW,South West,335,644,1.92,240,52,12,176,52.5,1
2026-08-03,2026-08-09,2026,32,WAL,Wales,273,427,1.56,220,25,23,172,63.0,1
2026-08-03,2026-08-09,2026,32,SCO,Scotland,360,651,1.81,258,54,13,191,53.1,1
2026-08-03,2026-08-09,2026,32,YRK,Yorkshire,472,824,1.75,381,67,18,296,62.7,1
2026-08-10,2026-08-16,2026,33,NW,North West,461,809,1.75,339,70,18,251,54.4,1
2026-08-10,2026-08-16,2026,33,NE,North East,340,557,1.64,260,27,24,209,61.5,1
2026-08-10,2026-08-16,2026,33,MID,Midlands,560,1144,2.04,403,83,35,285,50.9,1
2026-08-10,2026-08-16,2026,33,SE,South East,637,1240,1.95,525,84,48,393,61.7,1
2026-08-10,2026-08-16,2026,33,SW,South West,296,549,1.85,207,41,16,150,50.7,1
2026-08-10,2026-08-16,2026,33,WAL,Wales,241,382,1.59,187,33,16,138,57.3,1
2026-08-10,2026-08-16,2026,33,SCO,Scotland,318,611,1.92,235,46,17,172,54.1,1
2026-08-10,2026-08-16,2026,33,YRK,Yorkshire,417,854,2.05,325,48,17,260,62.4,1
2026-08-17,2026-08-23,2026,34,NW,North West,436,861,1.97,363,59,19,285,65.4,1
2026-08-17,2026-08-23,2026,34,NE,North East,322,697,2.16,234,42,12,180,55.9,1
2026-08-17,2026-08-23,2026,34,MID,Midlands,530,1107,2.09,395,47,17,331,62.5,1
2026-08-17,2026-08-23,2026,34,SE,South East,603,1148,1.9,432,69,26,337,55.9,1
2026-08-17,2026-08-23,2026,34,SW,South West,280,448,1.6,221,45,13,163,58.2,1
2026-08-17,2026-08-23,2026,34,WAL,Wales,228,427,1.87,180,19,10,151,66.2,1
2026-08-17,2026-08-23,2026,34,SCO,Scotland,301,543,1.8,250,45,19,186,61.8,1
2026-08-17,2026-08-23,2026,34,YRK,Yorkshire,395,585,1.48,297,52,24,221,55.9,1
2026-08-24,2026-08-30,2026,35,NW,North West,554,1035,1.87,433,64,29,340,61.4,1
2026-08-24,2026-08-30,2026,35,NE,North East,408,767,1.88,337,50,26,261,64.0,1
2026-08-24,2026-08-30,2026,35,MID,Midlands,672,1250,1.86,561,75,33,453,67.4,1
2026-08-24,2026-08-30,2026,35,SE,South East,765,1306,1.71,568,116,33,419,54.8,1
2026-08-24,2026-08-30,2026,35,SW,South West,356,615,1.73,256,55,23,178,50.0,1
2026-08-24,2026-08-30,2026,35,WAL,Wales,290,408,1.41,229,26,21,182,62.8,1
2026-08-24,2026-08-30,2026,35,SCO,Scotland,382,772,2.02,307,33,30,244,63.9,1
2026-08-24,2026-08-30,2026,35,YRK,Yorkshire,501,877,1.75,375,37,18,320,63.9,1
2026-08-31,2026-09-06,2026,36,NW,North West,490,707,1.44,367,55,24,288,58.8,1
2026-08-31,2026-09-06,2026,36,NE,North East,362,669,1.85,303,54,13,236,65.2,1
2026-08-31,2026-09-06,2026,36,MID,Midlands,595,1027,1.73,495,50,41,404,67.9,1
2026-08-31,2026-09-06,2026,36,SE,South East,677,1120,1.65,570,64,29,477,70.5,1
2026-08-31,2026-09-06,2026,36,SW,South West,315,548,1.74,230,24,15,191,60.6,1
2026-08-31,2026-09-06,2026,36,WAL,Wales,256,434,1.7,204,31,14,159,62.1,1
2026-08-31,2026-09-06,2026,36,SCO,Scotland,338,503,1.49,250,50,12,188,55.6,1
2026-08-31,2026-09-06,2026,36,YRK,Yorkshire,443,838,1.89,318,37,30,251,56.7,1
2026-09-07,2026-09-13,2026,37,NW,North West,471,940,2.0,334,55,26,253,53.7,1
2026-09-07,2026-09-13,2026,37,NE,North East,348,676,1.94,285,40,17,228,65.5,1
2026-09-07,2026-09-13,2026,37,MID,Midlands,572,845,1.48,430,45,27,358,62.6,1
2026-09-07,2026-09-13,2026,37,SE,South East,651,1112,1.71,502,51,46,405,62.2,1
2026-09-07,2026-09-13,2026,37,SW,South West,303,443,1.46,238,46,20,172,56.8,1
2026-09-07,2026-09-13,2026,37,WAL,Wales,247,443,1.79,204,21,12,171,69.2,1
2026-09-07,2026-09-13,2026,37,SCO,Scotland,325,624,1.92,275,42,21,212,65.2,1
2026-09-07,2026-09-13,2026,37,YRK,Yorkshire,426,798,1.87,345,69,29,247,58.0,1
2026-09-14,2026-09-20,2026,38,NW,North West,484,962,1.99,383,77,18,288,59.5,1
2026-09-14,2026-09-20,2026,38,NE,North East,357,573,1.61,295,35,16,244,68.3,1
2026-09-14,2026-09-20,2026,38,MID,Midlands,588,880,1.5,457,63,36,358,60.9,1
2026-09-14,2026-09-20,2026,38,SE,South East,669,1264,1.89,485,64,34,387,57.8,1
2026-09-14,2026-09-20,2026,38,SW,South West,311,542,1.74,255,53,23,179,57.6,1
2026-09-14,2026-09-20,2026,38,WAL,Wales,253,517,2.04,192,42,8,142,56.1,1
2026-09-14,2026-09-20,2026,38,SCO,Scotland,334,656,1.96,253,43,12,198,59.3,1
2026-09-14,2026-09-20,2026,38,YRK,Yorkshire,438,635,1.45,325,42,23,260,59.4,1
2026-09-21,2026-09-27,2026,39,NW,North West,519,862,1.66,392,52,35,305,58.8,1
2026-09-21,2026-09-27,2026,39,NE,North East,383,680,1.78,292,57,24,211,55.1,1
2026-09-21,2026-09-27,2026,39,MID,Midlands,630,1113,1.77,478,92,27,359,57.0,1
2026-09-21,2026-09-27,2026,39,SE,South East,717,1032,1.44,537,68,53,416,58.0,1
2026-09-21,2026-09-27,2026,39,SW,South West,333,601,1.8,272,52,12,208,62.5,1
2026-09-21,2026-09-27,2026,39,WAL,Wales,272,594,2.18,227,40,22,165,60.7,1
2026-09-21,2026-09-27,2026,39,SCO,Scotland,358,658,1.84,268,49,18,201,56.1,1
2026-09-21,2026-09-27,2026,39,YRK,Yorkshire,469,769,1.64,337,47,27,263,56.1,1
2026-09-28,2026-10-04,2026,40,NW,North West,444,860,1.94,351,40,25,286,64.4,1
2026-09-28,2026-10-04,2026,40,NE,North East,327,472,1.44,255,49,20,186,56.9,1
2026-09-28,2026-10-04,2026,40,MID,Midlands,539,799,1.48,435,93,22,320,59.4,1
2026-09-28,2026-10-04,2026,40,SE,South East,613,1200,1.96,489,72,49,368,60.0,1
2026-09-28,2026-10-04,2026,40,SW,South West,285,444,1.56,211,44,9,158,55.4,1
2026-09-28,2026-10-04,2026,40,WAL,Wales,232,339,1.46,164,32,14,118,50.9,1
2026-09-28,2026-10-04,2026,40,SCO,Scotland,306,462,1.51,256,55,12,189,61.8,1
2026-09-28,2026-10-04,2026,40,YRK,Yorkshire,401,787,1.96,298,49,20,229,57.1,1
2026-10-05,2026-10-11,2026,41,NW,North West,488,737,1.51,413,65,33,315,64.5,1
2026-10-05,2026-10-11,2026,41,NE,North East,360,575,1.6,263,43,20,200,55.6,1
2026-10-05,2026-10-11,2026,41,MID,Midlands,593,936,1.58,440,75,40,325,54.8,1
2026-10-05,2026-10-11,2026,41,SE,South East,674,1473,2.19,531,98,34,399,59.2,1
2026-10-05,2026-10-11,2026,41,SW,South West,314,668,2.13,230,38,17,175,55.7,1
2026-10-05,2026-10-11,2026,41,WAL,Wales,255,390,1.53,185,35,13,137,53.7,1
2026-10-05,2026-10-11,2026,41,SCO,Scotland,337,688,2.04,246,26,24,196,58.2,1
2026-10-05,2026-10-11,2026,41,YRK,Yorkshire,442,798,1.81,326,51,14,261,59.0,1
2026-10-12,2026-10-18,2026,42,NW,North West,538,1180,2.19,413,70,32,311,57.8,1
2026-10-12,2026-10-18,2026,42,NE,North East,397,705,1.78,332,41,27,264,66.5,1
2026-10-12,2026-10-18,2026,42,MID,Midlands,654,1418,2.17,525,112,23,390,59.6,1
2026-10-12,2026-10-18,2026,42,SE,South East,743,1370,1.84,548,93,53,402,54.1,1
2026-10-12,2026-10-18,2026,42,SW,South West,346,573,1.66,258,38,19,201,58.1,1
2026-10-12,2026-10-18,2026,42,WAL,Wales,282,524,1.86,213,37,15,161,57.1,1
2026-10-12,2026-10-18,2026,42,SCO,Scotland,371,782,2.11,269,56,14,199,53.6,1
2026-10-12,2026-10-18,2026,42,YRK,Yorkshire,487,763,1.57,367,74,16,277,56.9,1
2026-10-19,2026-10-25,2026,43,NW,North West,508,997,1.96,380,75,33,272,53.5,1
2026-10-19,2026-10-25,2026,43,NE,North East,375,809,2.16,278,29,22,227,60.5,1
2026-10-19,2026-10-25,2026,43,MID,Midlands,617,1011,1.64,512,111,42,359,58.2,1
2026-10-19,2026-10-25,2026,43,SE,South East,701,1061,1.51,583,101,38,444,63.3,1
2026-10-19,2026-10-25,2026,43,SW,South West,326,488,1.5,274,52,25,197,60.4,1
2026-10-19,2026-10-25,2026,43,WAL,Wales,266,549,2.06,214,36,17,161,60.5,1
2026-10-19,2026-10-25,2026,43,SCO,Scotland,350,500,1.43,251,41,25,185,52.9,1
2026-10-19,2026-10-25,2026,43,YRK,Yorkshire,459,828,1.8,383,66,21,296,64.5,1
2026-10-26,2026-11-01,2026,44,NW,North West,470,747,1.59,371,71,22,278,59.1,1
2026-10-26,2026-11-01,2026,44,NE,North East,346,550,1.59,248,26,23,199,57.5,1
2026-10-26,2026-11-01,2026,44,MID,Midlands,570,1074,1.88,427,69,37,321,56.3,1
2026-10-26,2026-11-01,2026,44,SE,South East,649,1131,1.74,498,105,21,372,57.3,1
2026-10-26,2026-11-01,2026,44,SW,South West,302,615,2.04,223,39,21,163,54.0,1
2026-10-26,2026-11-01,2026,44,WAL,Wales,246,527,2.14,201,38,12,151,61.4,1
2026-10-26,2026-11-01,2026,44,SCO,Scotland,324,498,1.54,232,41,13,178,54.9,1
2026-10-26,2026-11-01,2026,44,YRK,Yorkshire,425,694,1.63,343,65,18,260,61.2,1
2026-11-02,2026-11-08,2026,45,NW,North West,524,930,1.77,411,49,41,321,61.3,1
2026-11-02,2026-11-08,2026,45,NE,North East,387,815,2.11,318,43,29,246,63.6,1
2026-11-02,2026-11-08,2026,45,MID,Midlands,636,1090,1.71,483,79,42,362,56.9,1
2026-11-02,2026-11-08,2026,45,SE,South East,724,1294,1.79,524,112,36,376,51.9,1
2026-11-02,2026-11-08,2026,45,SW,South West,337,609,1.81,275,33,17,225,66.8,1
2026-11-02,2026-11-08,2026,45,WAL,Wales,274,574,2.09,232,45,17,170,62.0,1
2026-11-02,2026-11-08,2026,45,SCO,Scotland,362,751,2.07,294,38,16,240,66.3,1
2026-11-02,2026-11-08,2026,45,YRK,Yorkshire,474,730,1.54,343,48,21,274,57.8,1
2026-11-09,2026-11-15,2026,46,NW,North West,539,849,1.58,388,63,34,291,54.0,1
2026-11-09,2026-11-15,2026,46,NE,North East,398,670,1.68,295,31,17,247,62.1,1
2026-11-09,2026-11-15,2026,46,MID,Midlands,654,1388,2.12,464,100,20,344,52.6,1
2026-11-09,2026-11-15,2026,46,SE,South East,744,1399,1.88,561,98,43,420,56.5,1
2026-11-09,2026-11-15,2026,46,SW,South West,346,676,1.95,282,32,26,224,64.7,1
2026-11-09,2026-11-15,2026,46,WAL,Wales,282,561,1.99,222,26,16,180,63.8,1
2026-11-09,2026-11-15,2026,46,SCO,Scotland,372,769,2.07,269,38,16,215,57.8,1
2026-11-09,2026-11-15,2026,46,YRK,Yorkshire,488,876,1.8,374,75,35,264,54.1,1
2026-11-16,2026-11-22,2026,47,NW,North West,493,954,1.94,372,81,17,274,55.6,1
2026-11-16,2026-11-22,2026,47,NE,North East,364,583,1.6,262,34,22,206,56.6,1
2026-11-16,2026-11-22,2026,47,MID,Midlands,599,1069,1.78,436,43,28,365,60.9,1
2026-11-16,2026-11-22,2026,47,SE,South East,682,1187,1.74,516,107,26,383,56.2,1
2026-11-16,2026-11-22,2026,47,SW,South West,317,691,2.18,261,40,16,205,64.7,1
2026-11-16,2026-11-22,2026,47,WAL,Wales,258,565,2.19,195,23,11,161,62.4,1
2026-11-16,2026-11-22,2026,47,SCO,Scotland,341,595,1.74,255,51,19,185,54.3,1
2026-11-16,2026-11-22,2026,47,YRK,Yorkshire,446,960,2.15,321,38,27,256,57.4,1
2026-11-23,2026-11-29,2026,48,NW,North West,496,780,1.57,408,68,26,314,63.3,1
2026-11-23,2026-11-29,2026,48,NE,North East,366,742,2.03,266,41,18,207,56.6,1
2026-11-23,2026-11-29,2026,48,MID,Midlands,603,1246,2.07,480,68,38,374,62.0,1
2026-11-23,2026-11-29,2026,48,SE,South East,686,966,1.41,572,86,38,448,65.3,1
2026-11-23,2026-11-29,2026,48,SW,South West,319,468,1.47,248,50,21,177,55.5,1
2026-11-23,2026-11-29,2026,48,WAL,Wales,260,454,1.75,183,31,9,143,55.0,1
2026-11-23,2026-11-29,2026,48,SCO,Scotland,343,636,1.85,243,43,16,184,53.6,1
2026-11-23,2026-11-29,2026,48,YRK,Yorkshire,449,829,1.85,359,49,25,285,63.5,1
2026-11-30,2026-12-06,2026,49,NW,North West,440,963,2.19,315,63,21,231,52.5,1
2026-11-30,2026-12-06,2026,49,NE,North East,324,634,1.96,272,37,18,217,67.0,1
2026-11-30,2026-12-06,2026,49,MID,Midlands,534,1074,2.01,439,47,30,362,67.8,1
2026-11-30,2026-12-06,2026,49,SE,South East,607,1098,1.81,481,65,37,379,62.4,1
2026-11-30,2026-12-06,2026,49,SW,South West,282,614,2.18,224,26,16,182,64.5,1
2026-11-30,2026-12-06,2026,49,WAL,Wales,230,466,2.03,172,18,12,142,61.7,1
2026-11-30,2026-12-06,2026,49,SCO,Scotland,303,507,1.67,248,47,19,182,60.1,1
2026-11-30,2026-12-06,2026,49,YRK,Yorkshire,398,872,2.19,284,38,25,221,55.5,1
2026-12-07,2026-12-13,2026,50,NW,North West,398,680,1.71,283,57,15,211,53.0,1
2026-12-07,2026-12-13,2026,50,NE,North East,294,413,1.4,241,29,10,202,68.7,1
2026-12-07,2026-12-13,2026,50,MID,Midlands,484,881,1.82,348,74,21,253,52.3,1
2026-12-07,2026-12-13,2026,50,SE,South East,550,885,1.61,464,74,45,345,62.7,1
2026-12-07,2026-12-13,2026,50,SW,South West,256,475,1.86,200,35,10,155,60.5,1
2026-12-07,2026-12-13,2026,50,WAL,Wales,208,396,1.9,167,36,9,122,58.7,1
2026-12-07,2026-12-13,2026,50,SCO,Scotland,275,533,1.94,215,47,14,154,56.0,1
2026-12-07,2026-12-13,2026,50,YRK,Yorkshire,360,566,1.57,294,44,15,235,65.3,1
2026-12-14,2026-12-20,2026,51,NW,North West,479,940,1.96,356,54,23,279,58.2,1
2026-12-14,2026-12-20,2026,51,NE,North East,353,613,1.74,283,43,23,217,61.5,1
2026-12-14,2026-12-20,2026,51,MID,Midlands,582,863,1.48,421,62,42,317,54.5,1
2026-12-14,2026-12-20,2026,51,SE,South East,662,1086,1.64,479,74,33,372,56.2,1
2026-12-14,2026-12-20,2026,51,SW,South West,308,576,1.87,254,27,19,208,67.5,1
2026-12-14,2026-12-20,2026,51,WAL,Wales,251,470,1.87,178,22,8,148,59.0,1
2026-12-14,2026-12-20,2026,51,SCO,Scotland,331,558,1.69,242,45,13,184,55.6,1
2026-12-14,2026-12-20,2026,51,YRK,Yorkshire,433,626,1.45,341,70,20,251,58.0,1
2026-12-21,2026-12-27,2026,52,NW,North West,445,805,1.81,319,32,22,265,59.6,1
2026-12-21,2026-12-27,2026,52,NE,North East,328,716,2.18,236,27,19,190,57.9,1
2026-12-21,2026-12-27,2026,52,MID,Midlands,540,932,1.73,453,99,22,332,61.5,1
2026-12-21,2026-12-27,2026,52,SE,South East,614,1146,1.87,477,94,25,358,58.3,1
2026-12-21,2026-12-27,2026,52,SW,South West,286,471,1.65,205,39,16,150,52.4,1
2026-12-21,2026-12-27,2026,52,WAL,Wales,233,476,2.04,190,28,18,144,61.8,1
2026-12-21,2026-12-27,2026,52,SCO,Scotland,307,640,2.08,250,31,13,206,67.1,1
2026-12-21,2026-12-27,2026,52,YRK,Yorkshire,402,569,1.42,294,62,23,209,52.0,1
2026-12-28,2027-01-03,2026,53,NW,North West,444,851,1.92,337,38,20,279,62.8,1
2026-12-28,2027-01-03,2026,53,NE,North East,327,501,1.53,235,38,21,176,53.8,1
2026-12-28,2027-01-03,2026,53,MID,Midlands,539,1005,1.86,406,73,21,312,57.9,1
2026-12-28,2027-01-03,2026,53,SE,South East,613,1179,1.92,439,54,36,349,56.9,1
2026-12-28,2027-01-03,2026,53,SW,South West,285,539,1.89,229,45,15,169,59.3,1
2026-12-28,2027-01-03,2026,53,WAL,Wales,232,340,1.47,177,18,12,147,63.4,1
2026-12-28,2027-01-03,2026,53,SCO,Scotland,306,524,1.71,219,24,16,179,58.5,1
2026-12-28,2027-01-03,2026,53,YRK,Yorkshire,402,657,1.63,310,61,23,226,56.2,1
